"index (g/kwh)","index (lb/mwh)","final co2 (million mt)","Imperial hovertext","SI hovertext","Emissions hovertext","year","date"
645.4177666467857,1422.8880083495044,214.59102394193485,"1,423 lb/MWh <br>↑ 7.7% from 2005","645 kg/MWh <br>↑ 7.7% from 2005","215 Million<br>Metric Tonnes",2001,"2001-01-01"
635.9612124176523,1402.0400888959564,179.93899200409146,"1,402 lb/MWh <br>↑ 6.1% from 2005","636 kg/MWh <br>↑ 6.1% from 2005","180 Million<br>Metric Tonnes",2001,"2001-02-01"
627.5611766136095,1383.5213699623637,188.7117532018889,"1,384 lb/MWh <br>↑ 4.7% from 2005","628 kg/MWh <br>↑ 4.7% from 2005","189 Million<br>Metric Tonnes",2001,"2001-03-01"
627.448346634966,1383.2726249914458,174.4796459627378,"1,383 lb/MWh <br>↑ 4.7% from 2005","627 kg/MWh <br>↑ 4.7% from 2005","174 Million<br>Metric Tonnes",2001,"2001-04-01"
628.3101841455508,1385.1726319672814,188.79822676929126,"1,385 lb/MWh <br>↑ 4.9% from 2005","628 kg/MWh <br>↑ 4.9% from 2005","189 Million<br>Metric Tonnes",2001,"2001-05-01"
624.9135211502048,1377.6843487277413,204.78009145657066,"1,378 lb/MWh <br>↑ 4.3% from 2005","625 kg/MWh <br>↑ 4.3% from 2005","205 Million<br>Metric Tonnes",2001,"2001-06-01"
641.5324788470052,1414.3225028661075,229.40533672411675,"1,414 lb/MWh <br>↑ 7.1% from 2005","642 kg/MWh <br>↑ 7.1% from 2005","229 Million<br>Metric Tonnes",2001,"2001-07-01"
644.2570896778309,1420.329179903746,238.68774250387784,"1,420 lb/MWh <br>↑ 7.5% from 2005","644 kg/MWh <br>↑ 7.5% from 2005","239 Million<br>Metric Tonnes",2001,"2001-08-01"
630.6392398814579,1390.307268242662,193.56138801950271,"1,390 lb/MWh <br>↑ 5.3% from 2005","631 kg/MWh <br>↑ 5.3% from 2005","194 Million<br>Metric Tonnes",2001,"2001-09-01"
620.4144200473618,1367.765630436414,182.854810905172,"1,368 lb/MWh <br>↑ 3.6% from 2005","620 kg/MWh <br>↑ 3.6% from 2005","183 Million<br>Metric Tonnes",2001,"2001-10-01"
614.9830781032947,1355.7916939865238,171.52020970368247,"1,356 lb/MWh <br>↑ 2.6% from 2005","615 kg/MWh <br>↑ 2.6% from 2005","172 Million<br>Metric Tonnes",2001,"2001-11-01"
610.5825317757783,1346.090249552881,186.5307214045494,"1,346 lb/MWh <br>↑ 1.9% from 2005","611 kg/MWh <br>↑ 1.9% from 2005","187 Million<br>Metric Tonnes",2001,"2001-12-01"
605.7871186440766,1335.5182817627312,193.81704945335017,"1,336 lb/MWh <br>↑ 1.1% from 2005","606 kg/MWh <br>↑ 1.1% from 2005","194 Million<br>Metric Tonnes",2002,"2002-01-01"
602.1327650721394,1327.4618938780384,169.6936477491384,"1,327 lb/MWh <br>↑ 0.5% from 2005","602 kg/MWh <br>↑ 0.5% from 2005","170 Million<br>Metric Tonnes",2002,"2002-02-01"
608.3778671424272,1341.2298459021954,184.05718772730108,"1,341 lb/MWh <br>↑ 1.5% from 2005","608 kg/MWh <br>↑ 1.5% from 2005","184 Million<br>Metric Tonnes",2002,"2002-03-01"
601.1365176413777,1325.2655667921815,174.2245403132801,"1,325 lb/MWh <br>↑ 0.3% from 2005","601 kg/MWh <br>↑ 0.3% from 2005","174 Million<br>Metric Tonnes",2002,"2002-04-01"
602.3432399222356,1327.9259067325604,185.32606596954352,"1,328 lb/MWh <br>↑ 0.5% from 2005","602 kg/MWh <br>↑ 0.5% from 2005","185 Million<br>Metric Tonnes",2002,"2002-05-01"
607.8548205579867,1340.076737402138,207.27382184420125,"1,340 lb/MWh <br>↑ 1.5% from 2005","608 kg/MWh <br>↑ 1.5% from 2005","207 Million<br>Metric Tonnes",2002,"2002-06-01"
622.5691871893209,1372.5160300775772,237.47327200747625,"1,373 lb/MWh <br>↑ 3.9% from 2005","623 kg/MWh <br>↑ 3.9% from 2005","237 Million<br>Metric Tonnes",2002,"2002-07-01"
626.5244855711438,1381.235880890144,234.6334831253665,"1,381 lb/MWh <br>↑ 4.6% from 2005","627 kg/MWh <br>↑ 4.6% from 2005","235 Million<br>Metric Tonnes",2002,"2002-08-01"
629.1075519996142,1386.9305091383496,208.4084026261557,"1,387 lb/MWh <br>↑ 5.0% from 2005","629 kg/MWh <br>↑ 5.0% from 2005","208 Million<br>Metric Tonnes",2002,"2002-09-01"
631.9197986295259,1393.130388058653,194.03730979709698,"1,393 lb/MWh <br>↑ 5.5% from 2005","632 kg/MWh <br>↑ 5.5% from 2005","194 Million<br>Metric Tonnes",2002,"2002-10-01"
619.48439790877,1365.7153036296745,183.54649764754888,"1,366 lb/MWh <br>↑ 3.4% from 2005","619 kg/MWh <br>↑ 3.4% from 2005","184 Million<br>Metric Tonnes",2002,"2002-11-01"
620.0314618515774,1366.9213607979875,201.40489540328656,"1,367 lb/MWh <br>↑ 3.5% from 2005","620 kg/MWh <br>↑ 3.5% from 2005","201 Million<br>Metric Tonnes",2002,"2002-12-01"
631.5223265580241,1392.2541211298199,215.96735605030705,"1,392 lb/MWh <br>↑ 5.4% from 2005","632 kg/MWh <br>↑ 5.4% from 2005","216 Million<br>Metric Tonnes",2003,"2003-01-01"
625.9070645078551,1379.8747144140177,187.2940698567852,"1,380 lb/MWh <br>↑ 4.5% from 2005","626 kg/MWh <br>↑ 4.5% from 2005","187 Million<br>Metric Tonnes",2003,"2003-02-01"
614.4914194808199,1354.7077833874155,186.99230389050265,"1,355 lb/MWh <br>↑ 2.6% from 2005","614 kg/MWh <br>↑ 2.6% from 2005","187 Million<br>Metric Tonnes",2003,"2003-03-01"
595.9775024238122,1313.8920018435367,170.3035106846061,"1,314 lb/MWh <br>↓ 0.5% from 2005","596 kg/MWh <br>↓ 0.5% from 2005","170 Million<br>Metric Tonnes",2003,"2003-04-01"
596.0351250322435,1314.019036646084,183.3065949694461,"1,314 lb/MWh <br>↓ 0.5% from 2005","596 kg/MWh <br>↓ 0.5% from 2005","183 Million<br>Metric Tonnes",2003,"2003-05-01"
609.0849664430376,1342.7887170203207,200.20022533448804,"1,343 lb/MWh <br>↑ 1.7% from 2005","609 kg/MWh <br>↑ 1.7% from 2005","200 Million<br>Metric Tonnes",2003,"2003-06-01"
621.7056234630445,1370.612217486628,232.7574531968779,"1,371 lb/MWh <br>↑ 3.8% from 2005","622 kg/MWh <br>↑ 3.8% from 2005","233 Million<br>Metric Tonnes",2003,"2003-07-01"
623.9303614374973,1375.5168748251065,238.21146769100642,"1,376 lb/MWh <br>↑ 4.1% from 2005","624 kg/MWh <br>↑ 4.1% from 2005","238 Million<br>Metric Tonnes",2003,"2003-08-01"
623.9675086432285,1375.5987695548615,201.62645347632449,"1,376 lb/MWh <br>↑ 4.1% from 2005","624 kg/MWh <br>↑ 4.1% from 2005","202 Million<br>Metric Tonnes",2003,"2003-09-01"
629.5036804893656,1387.8038140068554,193.09494413286302,"1,388 lb/MWh <br>↑ 5.1% from 2005","630 kg/MWh <br>↑ 5.1% from 2005","193 Million<br>Metric Tonnes",2003,"2003-10-01"
624.4991270442492,1376.770775481752,186.01790067448295,"1,377 lb/MWh <br>↑ 4.2% from 2005","624 kg/MWh <br>↑ 4.2% from 2005","186 Million<br>Metric Tonnes",2003,"2003-11-01"
618.9625781946403,1364.564899887904,205.29827421127007,"1,365 lb/MWh <br>↑ 3.3% from 2005","619 kg/MWh <br>↑ 3.3% from 2005","205 Million<br>Metric Tonnes",2003,"2003-12-01"
617.1839850633646,1360.6438134706934,213.87264723367048,"1,361 lb/MWh <br>↑ 3.0% from 2005","617 kg/MWh <br>↑ 3.0% from 2005","214 Million<br>Metric Tonnes",2004,"2004-01-01"
606.5527148936693,1337.2061152545832,190.6262229891738,"1,337 lb/MWh <br>↑ 1.2% from 2005","607 kg/MWh <br>↑ 1.2% from 2005","191 Million<br>Metric Tonnes",2004,"2004-02-01"
592.9126828153055,1307.1353005346225,183.0982826085954,"1,307 lb/MWh <br>↓ 1.0% from 2005","593 kg/MWh <br>↓ 1.0% from 2005","183 Million<br>Metric Tonnes",2004,"2004-03-01"
585.7379631779831,1291.3179136221818,170.1923020541491,"1,291 lb/MWh <br>↓ 2.2% from 2005","586 kg/MWh <br>↓ 2.2% from 2005","170 Million<br>Metric Tonnes",2004,"2004-04-01"
591.1400781312245,1303.2274162480976,193.52601393002442,"1,303 lb/MWh <br>↓ 1.3% from 2005","591 kg/MWh <br>↓ 1.3% from 2005","194 Million<br>Metric Tonnes",2004,"2004-05-01"
594.6194762467834,1310.8980973336588,205.19064951054057,"1,311 lb/MWh <br>↓ 0.8% from 2005","595 kg/MWh <br>↓ 0.8% from 2005","205 Million<br>Metric Tonnes",2004,"2004-06-01"
600.788265988492,1324.4978111982293,226.69544669093273,"1,324 lb/MWh <br>↑ 0.3% from 2005","601 kg/MWh <br>↑ 0.3% from 2005","227 Million<br>Metric Tonnes",2004,"2004-07-01"
602.6087411732183,1328.5112307904774,222.02180932059838,"1,329 lb/MWh <br>↑ 0.6% from 2005","603 kg/MWh <br>↑ 0.6% from 2005","222 Million<br>Metric Tonnes",2004,"2004-08-01"
599.0494008927295,1320.6643092081115,201.05367688791236,"1,321 lb/MWh <br>↓ 0.0% from 2005","599 kg/MWh <br>↓ 0.0% from 2005","201 Million<br>Metric Tonnes",2004,"2004-09-01"
602.6002502108289,1328.4925116147936,188.28296451639787,"1,328 lb/MWh <br>↑ 0.6% from 2005","603 kg/MWh <br>↑ 0.6% from 2005","188 Million<br>Metric Tonnes",2004,"2004-10-01"
607.6755741433975,1339.6815707565345,183.5799784804809,"1,340 lb/MWh <br>↑ 1.4% from 2005","608 kg/MWh <br>↑ 1.4% from 2005","184 Million<br>Metric Tonnes",2004,"2004-11-01"
603.0987205333925,1329.5914392879172,206.22592461580868,"1,330 lb/MWh <br>↑ 0.7% from 2005","603 kg/MWh <br>↑ 0.7% from 2005","206 Million<br>Metric Tonnes",2004,"2004-12-01"
605.9315103046141,1335.8366076175525,207.90683228010312,"1,336 lb/MWh <br>↑ 1.1% from 2005","606 kg/MWh <br>↑ 1.1% from 2005","208 Million<br>Metric Tonnes",2005,"2005-01-01"
600.0763053601049,1322.9282227968874,179.1228375476715,"1,323 lb/MWh <br>↑ 0.2% from 2005","600 kg/MWh <br>↑ 0.2% from 2005","179 Million<br>Metric Tonnes",2005,"2005-02-01"
599.422355430227,1321.4865247814785,190.29224354058212,"1,321 lb/MWh <br>↑ 0.0% from 2005","599 kg/MWh <br>↑ 0.0% from 2005","190 Million<br>Metric Tonnes",2005,"2005-03-01"
581.0128568420413,1280.9009441939638,168.2398252498783,"1,281 lb/MWh <br>↓ 3.0% from 2005","581 kg/MWh <br>↓ 3.0% from 2005","168 Million<br>Metric Tonnes",2005,"2005-04-01"
577.4428733085448,1273.030558496018,181.93072225723566,"1,273 lb/MWh <br>↓ 3.6% from 2005","577 kg/MWh <br>↓ 3.6% from 2005","182 Million<br>Metric Tonnes",2005,"2005-05-01"
594.9209399293755,1311.5627041683015,216.33068495970852,"1,312 lb/MWh <br>↓ 0.7% from 2005","595 kg/MWh <br>↓ 0.7% from 2005","216 Million<br>Metric Tonnes",2005,"2005-06-01"
598.5894270877732,1319.6502509577049,240.74270432305372,"1,320 lb/MWh <br>↓ 0.1% from 2005","599 kg/MWh <br>↓ 0.1% from 2005","241 Million<br>Metric Tonnes",2005,"2005-07-01"
603.8745322206659,1331.3017937336801,244.48790652529584,"1,331 lb/MWh <br>↑ 0.8% from 2005","604 kg/MWh <br>↑ 0.8% from 2005","244 Million<br>Metric Tonnes",2005,"2005-08-01"
609.4373311936619,1343.565540349547,213.43338046403878,"1,344 lb/MWh <br>↑ 1.7% from 2005","609 kg/MWh <br>↑ 1.7% from 2005","213 Million<br>Metric Tonnes",2005,"2005-09-01"
612.4977463248501,1350.3125315477644,193.78739979814867,"1,350 lb/MWh <br>↑ 2.2% from 2005","612 kg/MWh <br>↑ 2.2% from 2005","194 Million<br>Metric Tonnes",2005,"2005-10-01"
600.8623034417068,1324.6610341675869,183.93310419322486,"1,325 lb/MWh <br>↑ 0.3% from 2005","601 kg/MWh <br>↑ 0.3% from 2005","184 Million<br>Metric Tonnes",2005,"2005-11-01"
601.4626071793139,1325.9844637875153,209.3668970685313,"1,326 lb/MWh <br>↑ 0.4% from 2005","601 kg/MWh <br>↑ 0.4% from 2005","209 Million<br>Metric Tonnes",2005,"2005-12-01"
582.6614729238357,1284.5354832078885,191.49483161740224,"1,285 lb/MWh <br>↓ 2.7% from 2005","583 kg/MWh <br>↓ 2.7% from 2005","191 Million<br>Metric Tonnes",2006,"2006-01-01"
587.9988898041398,1296.302352462207,180.71084901753463,"1,296 lb/MWh <br>↓ 1.9% from 2005","588 kg/MWh <br>↓ 1.9% from 2005","181 Million<br>Metric Tonnes",2006,"2006-02-01"
584.5337545589472,1288.6631153006547,186.30851880253147,"1,289 lb/MWh <br>↓ 2.4% from 2005","585 kg/MWh <br>↓ 2.4% from 2005","186 Million<br>Metric Tonnes",2006,"2006-03-01"
560.9629547613758,1236.6989300669293,167.08726313193813,"1,237 lb/MWh <br>↓ 6.4% from 2005","561 kg/MWh <br>↓ 6.4% from 2005","167 Million<br>Metric Tonnes",2006,"2006-04-01"
566.7459188801555,1249.4480527631908,187.37405826621546,"1,249 lb/MWh <br>↓ 5.4% from 2005","567 kg/MWh <br>↓ 5.4% from 2005","187 Million<br>Metric Tonnes",2006,"2006-05-01"
573.6997109471131,1264.7783827540054,208.9735932175448,"1,265 lb/MWh <br>↓ 4.2% from 2005","574 kg/MWh <br>↓ 4.2% from 2005","209 Million<br>Metric Tonnes",2006,"2006-06-01"
591.0122347763235,1302.9455727878826,242.55038361249467,"1,303 lb/MWh <br>↓ 1.4% from 2005","591 kg/MWh <br>↓ 1.4% from 2005","243 Million<br>Metric Tonnes",2006,"2006-07-01"
596.6584532591227,1315.3932260550614,243.2664714555636,"1,315 lb/MWh <br>↓ 0.4% from 2005","597 kg/MWh <br>↓ 0.4% from 2005","243 Million<br>Metric Tonnes",2006,"2006-08-01"
590.40361325093,1301.6038057730004,196.04696588320533,"1,302 lb/MWh <br>↓ 1.5% from 2005","590 kg/MWh <br>↓ 1.5% from 2005","196 Million<br>Metric Tonnes",2006,"2006-09-01"
601.759479059769,1326.6389475351668,193.50571260656682,"1,327 lb/MWh <br>↑ 0.4% from 2005","602 kg/MWh <br>↑ 0.4% from 2005","194 Million<br>Metric Tonnes",2006,"2006-10-01"
596.8816717813593,1315.8853336091847,184.5316304926167,"1,316 lb/MWh <br>↓ 0.4% from 2005","597 kg/MWh <br>↓ 0.4% from 2005","185 Million<br>Metric Tonnes",2006,"2006-11-01"
589.5050990214431,1299.6229413026736,198.2391024460808,"1,300 lb/MWh <br>↓ 1.6% from 2005","590 kg/MWh <br>↓ 1.6% from 2005","198 Million<br>Metric Tonnes",2006,"2006-12-01"
578.0882752401692,1274.4534115944768,204.3724803615788,"1,274 lb/MWh <br>↓ 3.5% from 2005","578 kg/MWh <br>↓ 3.5% from 2005","204 Million<br>Metric Tonnes",2007,"2007-01-01"
594.070986740212,1309.6888973674713,192.02020642745487,"1,310 lb/MWh <br>↓ 0.8% from 2005","594 kg/MWh <br>↓ 0.8% from 2005","192 Million<br>Metric Tonnes",2007,"2007-02-01"
580.4462867618903,1279.6518837952633,186.0164816180862,"1,280 lb/MWh <br>↓ 3.1% from 2005","580 kg/MWh <br>↓ 3.1% from 2005","186 Million<br>Metric Tonnes",2007,"2007-03-01"
575.5903433059799,1268.9464708523633,174.47834378521077,"1,269 lb/MWh <br>↓ 3.9% from 2005","576 kg/MWh <br>↓ 3.9% from 2005","174 Million<br>Metric Tonnes",2007,"2007-04-01"
576.4301137116472,1270.7978286886978,190.33899679072326,"1,271 lb/MWh <br>↓ 3.8% from 2005","576 kg/MWh <br>↓ 3.8% from 2005","190 Million<br>Metric Tonnes",2007,"2007-05-01"
588.4897243779707,1297.384446363674,213.4691947782941,"1,297 lb/MWh <br>↓ 1.8% from 2005","588 kg/MWh <br>↓ 1.8% from 2005","213 Million<br>Metric Tonnes",2007,"2007-06-01"
591.2762189862827,1303.527552377159,232.4987497033883,"1,304 lb/MWh <br>↓ 1.3% from 2005","591 kg/MWh <br>↓ 1.3% from 2005","232 Million<br>Metric Tonnes",2007,"2007-07-01"
593.9266458294469,1309.3706833955987,250.4921730676252,"1,309 lb/MWh <br>↓ 0.9% from 2005","594 kg/MWh <br>↓ 0.9% from 2005","250 Million<br>Metric Tonnes",2007,"2007-08-01"
596.6447465036532,1315.3630081419542,212.04061951932377,"1,315 lb/MWh <br>↓ 0.4% from 2005","597 kg/MWh <br>↓ 0.4% from 2005","212 Million<br>Metric Tonnes",2007,"2007-09-01"
599.1360273483023,1320.8552858920673,199.2797008959032,"1,321 lb/MWh <br>↑ 0.0% from 2005","599 kg/MWh <br>↑ 0.0% from 2005","199 Million<br>Metric Tonnes",2007,"2007-10-01"
590.3160202251884,1301.4106981884504,185.4201803145089,"1,301 lb/MWh <br>↓ 1.5% from 2005","590 kg/MWh <br>↓ 1.5% from 2005","185 Million<br>Metric Tonnes",2007,"2007-11-01"
589.8275429018922,1300.3338010815116,204.251882175818,"1,300 lb/MWh <br>↓ 1.6% from 2005","590 kg/MWh <br>↓ 1.6% from 2005","204 Million<br>Metric Tonnes",2007,"2007-12-01"
588.9197473114679,1298.332474922862,213.77517814754907,"1,298 lb/MWh <br>↓ 1.7% from 2005","589 kg/MWh <br>↓ 1.7% from 2005","214 Million<br>Metric Tonnes",2008,"2008-01-01"
591.3976916296505,1303.7953509667275,192.2659558185446,"1,304 lb/MWh <br>↓ 1.3% from 2005","591 kg/MWh <br>↓ 1.3% from 2005","192 Million<br>Metric Tonnes",2008,"2008-02-01"
577.9187996408233,1274.0797856881586,187.60946136699977,"1,274 lb/MWh <br>↓ 3.5% from 2005","578 kg/MWh <br>↓ 3.5% from 2005","188 Million<br>Metric Tonnes",2008,"2008-03-01"
572.1175073107756,1261.290256617336,174.99073932665777,"1,261 lb/MWh <br>↓ 4.5% from 2005","572 kg/MWh <br>↓ 4.5% from 2005","175 Million<br>Metric Tonnes",2008,"2008-04-01"
569.4225250364913,1255.3488986954487,185.20171642691633,"1,255 lb/MWh <br>↓ 5.0% from 2005","569 kg/MWh <br>↓ 5.0% from 2005","185 Million<br>Metric Tonnes",2008,"2008-05-01"
569.8884049086852,1256.3759774616874,212.6019460284937,"1,256 lb/MWh <br>↓ 4.9% from 2005","570 kg/MWh <br>↓ 4.9% from 2005","213 Million<br>Metric Tonnes",2008,"2008-06-01"
582.6565560494331,1284.5246434665805,234.74742888350195,"1,285 lb/MWh <br>↓ 2.7% from 2005","583 kg/MWh <br>↓ 2.7% from 2005","235 Million<br>Metric Tonnes",2008,"2008-07-01"
586.629387553886,1293.283147801297,228.1878265794186,"1,293 lb/MWh <br>↓ 2.1% from 2005","587 kg/MWh <br>↓ 2.1% from 2005","228 Million<br>Metric Tonnes",2008,"2008-08-01"
589.1209080285673,1298.7759538397793,199.15559323991215,"1,299 lb/MWh <br>↓ 1.7% from 2005","589 kg/MWh <br>↓ 1.7% from 2005","199 Million<br>Metric Tonnes",2008,"2008-09-01"
581.1570777751107,1281.2188936630087,185.12445026600693,"1,281 lb/MWh <br>↓ 3.0% from 2005","581 kg/MWh <br>↓ 3.0% from 2005","185 Million<br>Metric Tonnes",2008,"2008-10-01"
580.6712125765994,1280.147755246371,180.03492695436177,"1,280 lb/MWh <br>↓ 3.1% from 2005","581 kg/MWh <br>↓ 3.1% from 2005","180 Million<br>Metric Tonnes",2008,"2008-11-01"
571.5617873577639,1260.0651164089265,196.55910110840077,"1,260 lb/MWh <br>↓ 4.6% from 2005","572 kg/MWh <br>↓ 4.6% from 2005","197 Million<br>Metric Tonnes",2008,"2008-12-01"
568.4499500294983,1253.2047598350318,201.7922477812584,"1,253 lb/MWh <br>↓ 5.1% from 2005","568 kg/MWh <br>↓ 5.1% from 2005","202 Million<br>Metric Tonnes",2009,"2009-01-01"
557.5085593570677,1229.0833699585914,167.74569687809242,"1,229 lb/MWh <br>↓ 6.9% from 2005","558 kg/MWh <br>↓ 6.9% from 2005","168 Million<br>Metric Tonnes",2009,"2009-02-01"
537.0239734023164,1183.9230517627468,166.80123785633566,"1,184 lb/MWh <br>↓ 10.4% from 2005","537 kg/MWh <br>↓ 10.4% from 2005","167 Million<br>Metric Tonnes",2009,"2009-03-01"
531.3048941610183,1171.314769667381,153.83225207875554,"1,171 lb/MWh <br>↓ 11.3% from 2005","531 kg/MWh <br>↓ 11.3% from 2005","154 Million<br>Metric Tonnes",2009,"2009-04-01"
525.3421875322164,1158.169386633524,163.54201187638094,"1,158 lb/MWh <br>↓ 12.3% from 2005","525 kg/MWh <br>↓ 12.3% from 2005","164 Million<br>Metric Tonnes",2009,"2009-05-01"
540.2629117817348,1191.0636153140124,187.82257666106653,"1,191 lb/MWh <br>↓ 9.8% from 2005","540 kg/MWh <br>↓ 9.8% from 2005","188 Million<br>Metric Tonnes",2009,"2009-06-01"
552.3045333216563,1217.6105741609238,205.75341480481438,"1,218 lb/MWh <br>↓ 7.8% from 2005","552 kg/MWh <br>↓ 7.8% from 2005","206 Million<br>Metric Tonnes",2009,"2009-07-01"
562.2539470914037,1239.5450517577085,214.33668101280043,"1,240 lb/MWh <br>↓ 6.2% from 2005","562 kg/MWh <br>↓ 6.2% from 2005","214 Million<br>Metric Tonnes",2009,"2009-08-01"
548.3044599446308,1208.7920123939332,179.51521579206596,"1,209 lb/MWh <br>↓ 8.5% from 2005","548 kg/MWh <br>↓ 8.5% from 2005","180 Million<br>Metric Tonnes",2009,"2009-09-01"
561.6929511758666,1238.3082801623154,172.46239515399586,"1,238 lb/MWh <br>↓ 6.2% from 2005","562 kg/MWh <br>↓ 6.2% from 2005","172 Million<br>Metric Tonnes",2009,"2009-10-01"
553.3581353472664,1219.9333451865837,164.14520801995843,"1,220 lb/MWh <br>↓ 7.6% from 2005","553 kg/MWh <br>↓ 7.6% from 2005","164 Million<br>Metric Tonnes",2009,"2009-11-01"
560.520669836324,1235.72386872116,196.46635651841765,"1,236 lb/MWh <br>↓ 6.4% from 2005","561 kg/MWh <br>↓ 6.4% from 2005","196 Million<br>Metric Tonnes",2009,"2009-12-01"
569.8409075567314,1256.2712647995704,205.68784403739684,"1,256 lb/MWh <br>↓ 4.9% from 2005","570 kg/MWh <br>↓ 4.9% from 2005","206 Million<br>Metric Tonnes",2010,"2010-01-01"
564.2268152808539,1243.8944369681706,180.402628264474,"1,244 lb/MWh <br>↓ 5.8% from 2005","564 kg/MWh <br>↓ 5.8% from 2005","180 Million<br>Metric Tonnes",2010,"2010-02-01"
552.7802938133873,1218.6594357409938,172.55849569525625,"1,219 lb/MWh <br>↓ 7.7% from 2005","553 kg/MWh <br>↓ 7.7% from 2005","173 Million<br>Metric Tonnes",2010,"2010-03-01"
538.6009212987872,1187.399591095306,155.00845405611065,"1,187 lb/MWh <br>↓ 10.1% from 2005","539 kg/MWh <br>↓ 10.1% from 2005","155 Million<br>Metric Tonnes",2010,"2010-04-01"
545.3257439656385,1202.2251351466466,178.81781629704113,"1,202 lb/MWh <br>↓ 9.0% from 2005","545 kg/MWh <br>↓ 9.0% from 2005","179 Million<br>Metric Tonnes",2010,"2010-05-01"
560.0389042847779,1234.6617683862214,210.3976061202772,"1,235 lb/MWh <br>↓ 6.5% from 2005","560 kg/MWh <br>↓ 6.5% from 2005","210 Million<br>Metric Tonnes",2010,"2010-06-01"
574.7154626537363,1267.017708966427,235.44627124172672,"1,267 lb/MWh <br>↓ 4.1% from 2005","575 kg/MWh <br>↓ 4.1% from 2005","235 Million<br>Metric Tonnes",2010,"2010-07-01"
577.1040572920998,1272.283604706163,235.95367205443395,"1,272 lb/MWh <br>↓ 3.7% from 2005","577 kg/MWh <br>↓ 3.7% from 2005","236 Million<br>Metric Tonnes",2010,"2010-08-01"
555.9828844897113,1225.7198671460174,192.3870183259861,"1,226 lb/MWh <br>↓ 7.2% from 2005","556 kg/MWh <br>↓ 7.2% from 2005","192 Million<br>Metric Tonnes",2010,"2010-09-01"
546.4104846236718,1204.6165544013465,168.2492491874954,"1,205 lb/MWh <br>↓ 8.8% from 2005","546 kg/MWh <br>↓ 8.8% from 2005","168 Million<br>Metric Tonnes",2010,"2010-10-01"
543.4198097312195,1198.0233125334464,166.29169453012705,"1,198 lb/MWh <br>↓ 9.3% from 2005","543 kg/MWh <br>↓ 9.3% from 2005","166 Million<br>Metric Tonnes",2010,"2010-11-01"
557.8557013614997,1229.8486792215622,202.00719844566265,"1,230 lb/MWh <br>↓ 6.9% from 2005","558 kg/MWh <br>↓ 6.9% from 2005","202 Million<br>Metric Tonnes",2010,"2010-12-01"
562.1097595239712,1239.227175846547,203.9700325940529,"1,239 lb/MWh <br>↓ 6.2% from 2005","562 kg/MWh <br>↓ 6.2% from 2005","204 Million<br>Metric Tonnes",2011,"2011-01-01"
539.1558266029132,1188.6229353287824,168.82174314070565,"1,189 lb/MWh <br>↓ 10.0% from 2005","539 kg/MWh <br>↓ 10.0% from 2005","169 Million<br>Metric Tonnes",2011,"2011-02-01"
521.7282902679361,1150.2021887246926,166.27742294619406,"1,150 lb/MWh <br>↓ 12.9% from 2005","522 kg/MWh <br>↓ 12.9% from 2005","166 Million<br>Metric Tonnes",2011,"2011-03-01"
518.2865327389756,1142.6144900763454,156.72681585575305,"1,143 lb/MWh <br>↓ 13.5% from 2005","518 kg/MWh <br>↓ 13.5% from 2005","157 Million<br>Metric Tonnes",2011,"2011-04-01"
535.6321075620795,1180.8545443313606,173.34077107287345,"1,181 lb/MWh <br>↓ 10.6% from 2005","536 kg/MWh <br>↓ 10.6% from 2005","173 Million<br>Metric Tonnes",2011,"2011-05-01"
550.5922600406867,1213.835696485698,202.44646833707867,"1,214 lb/MWh <br>↓ 8.1% from 2005","551 kg/MWh <br>↓ 8.1% from 2005","202 Million<br>Metric Tonnes",2011,"2011-06-01"
562.0842816123536,1239.1710072425951,235.2953005292916,"1,239 lb/MWh <br>↓ 6.2% from 2005","562 kg/MWh <br>↓ 6.2% from 2005","235 Million<br>Metric Tonnes",2011,"2011-07-01"
563.3876906995678,1242.0445029162672,229.00495267869024,"1,242 lb/MWh <br>↓ 6.0% from 2005","563 kg/MWh <br>↓ 6.0% from 2005","229 Million<br>Metric Tonnes",2011,"2011-08-01"
545.0027986315629,1201.5131698631435,184.16679274283814,"1,202 lb/MWh <br>↓ 9.0% from 2005","545 kg/MWh <br>↓ 9.0% from 2005","184 Million<br>Metric Tonnes",2011,"2011-09-01"
526.6638973824116,1161.0832281692647,162.57638433311686,"1,161 lb/MWh <br>↓ 12.1% from 2005","527 kg/MWh <br>↓ 12.1% from 2005","163 Million<br>Metric Tonnes",2011,"2011-10-01"
511.71243729589537,1128.1212392625314,155.60024233617224,"1,128 lb/MWh <br>↓ 14.6% from 2005","512 kg/MWh <br>↓ 14.6% from 2005","156 Million<br>Metric Tonnes",2011,"2011-11-01"
512.3427570718145,1129.5108422405224,172.00976811435496,"1,130 lb/MWh <br>↓ 14.5% from 2005","512 kg/MWh <br>↓ 14.5% from 2005","172 Million<br>Metric Tonnes",2011,"2011-12-01"
499.9247856195517,1102.1341823768635,169.7344388122214,"1,102 lb/MWh <br>↓ 16.6% from 2005","500 kg/MWh <br>↓ 16.6% from 2005","170 Million<br>Metric Tonnes",2012,"2012-01-01"
497.9385377329318,1097.7553002860216,154.05469543043648,"1,098 lb/MWh <br>↓ 16.9% from 2005","498 kg/MWh <br>↓ 16.9% from 2005","154 Million<br>Metric Tonnes",2012,"2012-02-01"
477.58240231253166,1052.8781641382075,147.60916114556213,"1,053 lb/MWh <br>↓ 20.3% from 2005","478 kg/MWh <br>↓ 20.3% from 2005","148 Million<br>Metric Tonnes",2012,"2012-03-01"
471.2681637616462,1038.9577938289253,139.12828520524087,"1,039 lb/MWh <br>↓ 21.3% from 2005","471 kg/MWh <br>↓ 21.3% from 2005","139 Million<br>Metric Tonnes",2012,"2012-04-01"
494.2891136311255,1089.709779911179,166.32648466750905,"1,090 lb/MWh <br>↓ 17.5% from 2005","494 kg/MWh <br>↓ 17.5% from 2005","166 Million<br>Metric Tonnes",2012,"2012-05-01"
518.3678645658772,1142.7937942219328,187.03217064910018,"1,143 lb/MWh <br>↓ 13.5% from 2005","518 kg/MWh <br>↓ 13.5% from 2005","187 Million<br>Metric Tonnes",2012,"2012-06-01"
547.6831550845105,1207.422283699312,227.0835941019289,"1,207 lb/MWh <br>↓ 8.6% from 2005","548 kg/MWh <br>↓ 8.6% from 2005","227 Million<br>Metric Tonnes",2012,"2012-07-01"
541.7094477185926,1194.2526484404095,214.3459701188399,"1,194 lb/MWh <br>↓ 9.6% from 2005","542 kg/MWh <br>↓ 9.6% from 2005","214 Million<br>Metric Tonnes",2012,"2012-08-01"
526.4921631186266,1160.7046228113245,176.14871470800514,"1,161 lb/MWh <br>↓ 12.1% from 2005","526 kg/MWh <br>↓ 12.1% from 2005","176 Million<br>Metric Tonnes",2012,"2012-09-01"
521.7769900909445,1150.3095523544964,162.60269795017751,"1,150 lb/MWh <br>↓ 12.9% from 2005","522 kg/MWh <br>↓ 12.9% from 2005","163 Million<br>Metric Tonnes",2012,"2012-10-01"
536.8335905127074,1183.5033336443148,164.24367401850316,"1,184 lb/MWh <br>↓ 10.4% from 2005","537 kg/MWh <br>↓ 10.4% from 2005","164 Million<br>Metric Tonnes",2012,"2012-11-01"
509.45321656248115,1123.140561233646,170.474464636749,"1,123 lb/MWh <br>↓ 15.0% from 2005","509 kg/MWh <br>↓ 15.0% from 2005","170 Million<br>Metric Tonnes",2012,"2012-12-01"
510.0983418937661,1124.5628045389967,177.99970856072866,"1,125 lb/MWh <br>↓ 14.9% from 2005","510 kg/MWh <br>↓ 14.9% from 2005","178 Million<br>Metric Tonnes",2013,"2013-01-01"
512.0614291549092,1128.890626714913,158.588287421831,"1,129 lb/MWh <br>↓ 14.5% from 2005","512 kg/MWh <br>↓ 14.5% from 2005","159 Million<br>Metric Tonnes",2013,"2013-02-01"
516.0786896371421,1137.7470791740436,167.92850086077607,"1,138 lb/MWh <br>↓ 13.9% from 2005","516 kg/MWh <br>↓ 13.9% from 2005","168 Million<br>Metric Tonnes",2013,"2013-03-01"
490.01457238439065,1080.2861262786278,146.67399852005593,"1,080 lb/MWh <br>↓ 18.2% from 2005","490 kg/MWh <br>↓ 18.2% from 2005","147 Million<br>Metric Tonnes",2013,"2013-04-01"
494.0482613833437,1089.1787970457192,159.1563134545765,"1,089 lb/MWh <br>↓ 17.5% from 2005","494 kg/MWh <br>↓ 17.5% from 2005","159 Million<br>Metric Tonnes",2013,"2013-05-01"
520.123759047984,1146.6648391971855,185.5871984609224,"1,147 lb/MWh <br>↓ 13.2% from 2005","520 kg/MWh <br>↓ 13.2% from 2005","186 Million<br>Metric Tonnes",2013,"2013-06-01"
533.1355115081958,1175.3505486709685,210.50040773205498,"1,175 lb/MWh <br>↓ 11.0% from 2005","533 kg/MWh <br>↓ 11.0% from 2005","211 Million<br>Metric Tonnes",2013,"2013-07-01"
535.5801593145993,1180.7400192249654,206.34738823466233,"1,181 lb/MWh <br>↓ 10.6% from 2005","536 kg/MWh <br>↓ 10.6% from 2005","206 Million<br>Metric Tonnes",2013,"2013-08-01"
531.1204427594039,1170.9081281073818,181.07710401864074,"1,171 lb/MWh <br>↓ 11.4% from 2005","531 kg/MWh <br>↓ 11.4% from 2005","181 Million<br>Metric Tonnes",2013,"2013-09-01"
514.1112705153473,1133.409706978135,161.90385588489295,"1,133 lb/MWh <br>↓ 14.2% from 2005","514 kg/MWh <br>↓ 14.2% from 2005","162 Million<br>Metric Tonnes",2013,"2013-10-01"
503.94101630691887,1110.9883645502332,158.50544369338334,"1,111 lb/MWh <br>↓ 15.9% from 2005","504 kg/MWh <br>↓ 15.9% from 2005","159 Million<br>Metric Tonnes",2013,"2013-11-01"
519.1234018714651,1144.4594517658322,183.25193924227509,"1,144 lb/MWh <br>↓ 13.4% from 2005","519 kg/MWh <br>↓ 13.4% from 2005","183 Million<br>Metric Tonnes",2013,"2013-12-01"
529.3728681738377,1167.0554251760425,200.03225682534287,"1,167 lb/MWh <br>↓ 11.6% from 2005","529 kg/MWh <br>↓ 11.6% from 2005","200 Million<br>Metric Tonnes",2014,"2014-01-01"
543.7942765956968,1198.8488621828733,176.7274868312576,"1,199 lb/MWh <br>↓ 9.2% from 2005","544 kg/MWh <br>↓ 9.2% from 2005","177 Million<br>Metric Tonnes",2014,"2014-02-01"
514.9508834736126,1135.2607177059267,171.33293534256822,"1,135 lb/MWh <br>↓ 14.0% from 2005","515 kg/MWh <br>↓ 14.0% from 2005","171 Million<br>Metric Tonnes",2014,"2014-03-01"
480.5230269957525,1059.361065314836,143.48749778869575,"1,059 lb/MWh <br>↓ 19.8% from 2005","481 kg/MWh <br>↓ 19.8% from 2005","143 Million<br>Metric Tonnes",2014,"2014-04-01"
490.1141500747219,1080.5056552547321,159.67173251743685,"1,081 lb/MWh <br>↓ 18.2% from 2005","490 kg/MWh <br>↓ 18.2% from 2005","160 Million<br>Metric Tonnes",2014,"2014-05-01"
510.47843075507086,1125.4007484426297,183.22601255849014,"1,125 lb/MWh <br>↓ 14.8% from 2005","510 kg/MWh <br>↓ 14.8% from 2005","183 Million<br>Metric Tonnes",2014,"2014-06-01"
525.1059958327875,1157.6486784129636,203.1723799201956,"1,158 lb/MWh <br>↓ 12.4% from 2005","525 kg/MWh <br>↓ 12.4% from 2005","203 Million<br>Metric Tonnes",2014,"2014-07-01"
532.4498634816687,1173.8389690316867,205.24293644653028,"1,174 lb/MWh <br>↓ 11.1% from 2005","532 kg/MWh <br>↓ 11.1% from 2005","205 Million<br>Metric Tonnes",2014,"2014-08-01"
513.5434987031798,1132.1579972410304,175.07888240998398,"1,132 lb/MWh <br>↓ 14.3% from 2005","514 kg/MWh <br>↓ 14.3% from 2005","175 Million<br>Metric Tonnes",2014,"2014-09-01"
491.15038679661035,1082.790142731807,154.94156654025835,"1,083 lb/MWh <br>↓ 18.0% from 2005","491 kg/MWh <br>↓ 18.0% from 2005","155 Million<br>Metric Tonnes",2014,"2014-10-01"
490.9549037076813,1082.3591807139544,156.26036944923226,"1,082 lb/MWh <br>↓ 18.1% from 2005","491 kg/MWh <br>↓ 18.1% from 2005","156 Million<br>Metric Tonnes",2014,"2014-11-01"
487.62265288434196,1075.0129005488204,165.16288597971865,"1,075 lb/MWh <br>↓ 18.6% from 2005","488 kg/MWh <br>↓ 18.6% from 2005","165 Million<br>Metric Tonnes",2014,"2014-12-01"
491.10132571846907,1082.6819826789372,177.38139729494708,"1,083 lb/MWh <br>↓ 18.0% from 2005","491 kg/MWh <br>↓ 18.0% from 2005","177 Million<br>Metric Tonnes",2015,"2015-01-01"
505.24698636461187,1113.8675061394238,169.38854437516412,"1,114 lb/MWh <br>↓ 15.7% from 2005","505 kg/MWh <br>↓ 15.7% from 2005","169 Million<br>Metric Tonnes",2015,"2015-02-01"
467.2398850226963,1030.0770505210362,151.99804217258466,"1,030 lb/MWh <br>↓ 22.0% from 2005","467 kg/MWh <br>↓ 22.0% from 2005","152 Million<br>Metric Tonnes",2015,"2015-03-01"
441.20100905049776,972.6717445527273,130.32285380337782,"973 lb/MWh <br>↓ 26.4% from 2005","441 kg/MWh <br>↓ 26.4% from 2005","130 Million<br>Metric Tonnes",2015,"2015-04-01"
471.3937800766073,1039.2347275568884,152.47901100524027,"1,039 lb/MWh <br>↓ 21.3% from 2005","471 kg/MWh <br>↓ 21.3% from 2005","152 Million<br>Metric Tonnes",2015,"2015-05-01"
502.83127679545436,1108.5418328232586,182.92818956003987,"1,109 lb/MWh <br>↓ 16.1% from 2005","503 kg/MWh <br>↓ 16.1% from 2005","183 Million<br>Metric Tonnes",2015,"2015-06-01"
512.5914455232112,1130.0591008004712,206.0022860837047,"1,130 lb/MWh <br>↓ 14.4% from 2005","513 kg/MWh <br>↓ 14.4% from 2005","206 Million<br>Metric Tonnes",2015,"2015-07-01"
510.8561353855826,1126.2334360710554,201.0544307896165,"1,126 lb/MWh <br>↓ 14.7% from 2005","511 kg/MWh <br>↓ 14.7% from 2005","201 Million<br>Metric Tonnes",2015,"2015-08-01"
500.47350693641965,1103.3438933920309,175.8829353509911,"1,103 lb/MWh <br>↓ 16.5% from 2005","500 kg/MWh <br>↓ 16.5% from 2005","176 Million<br>Metric Tonnes",2015,"2015-09-01"
471.90711510848115,1040.3664259681577,147.84456061254718,"1,040 lb/MWh <br>↓ 21.2% from 2005","472 kg/MWh <br>↓ 21.2% from 2005","148 Million<br>Metric Tonnes",2015,"2015-10-01"
447.6495857129908,986.8882766628593,135.01977497999795,"987 lb/MWh <br>↓ 25.3% from 2005","448 kg/MWh <br>↓ 25.3% from 2005","135 Million<br>Metric Tonnes",2015,"2015-11-01"
429.0021376830902,945.7781127361408,139.56515990565794,"946 lb/MWh <br>↓ 28.4% from 2005","429 kg/MWh <br>↓ 28.4% from 2005","140 Million<br>Metric Tonnes",2015,"2015-12-01"
455.3180602755215,1003.7941956834147,161.042010694645,"1,004 lb/MWh <br>↓ 24.0% from 2005","455 kg/MWh <br>↓ 24.0% from 2005","161 Million<br>Metric Tonnes",2016,"2016-01-01"
431.04145724782427,950.2739966485533,135.70169816388287,"950 lb/MWh <br>↓ 28.1% from 2005","431 kg/MWh <br>↓ 28.1% from 2005","136 Million<br>Metric Tonnes",2016,"2016-02-01"
389.05813249713236,857.7175589031782,119.00861247549749,"858 lb/MWh <br>↓ 35.1% from 2005","389 kg/MWh <br>↓ 35.1% from 2005","119 Million<br>Metric Tonnes",2016,"2016-03-01"
396.0057592137263,873.034296762581,116.65100403574885,"873 lb/MWh <br>↓ 33.9% from 2005","396 kg/MWh <br>↓ 33.9% from 2005","117 Million<br>Metric Tonnes",2016,"2016-04-01"
414.98380992237975,914.8733073548784,132.2279102115602,"915 lb/MWh <br>↓ 30.7% from 2005","415 kg/MWh <br>↓ 30.7% from 2005","132 Million<br>Metric Tonnes",2016,"2016-05-01"
475.0204158261039,1047.2300087302287,175.60567502708267,"1,047 lb/MWh <br>↓ 20.7% from 2005","475 kg/MWh <br>↓ 20.7% from 2005","176 Million<br>Metric Tonnes",2016,"2016-06-01"
497.6061562497257,1097.0225320681454,205.93814502396654,"1,097 lb/MWh <br>↓ 16.9% from 2005","498 kg/MWh <br>↓ 16.9% from 2005","206 Million<br>Metric Tonnes",2016,"2016-07-01"
501.1512789902097,1104.8381096618164,206.2808008024796,"1,105 lb/MWh <br>↓ 16.4% from 2005","501 kg/MWh <br>↓ 16.4% from 2005","206 Million<br>Metric Tonnes",2016,"2016-08-01"
483.7494227412999,1066.4739773754698,170.85776999692905,"1,066 lb/MWh <br>↓ 19.3% from 2005","484 kg/MWh <br>↓ 19.3% from 2005","171 Million<br>Metric Tonnes",2016,"2016-09-01"
461.0337392593554,1016.394981571175,144.98280729285057,"1,016 lb/MWh <br>↓ 23.0% from 2005","461 kg/MWh <br>↓ 23.0% from 2005","145 Million<br>Metric Tonnes",2016,"2016-10-01"
430.7046926052916,949.531565317626,128.4777738217922,"950 lb/MWh <br>↓ 28.1% from 2005","431 kg/MWh <br>↓ 28.1% from 2005","128 Million<br>Metric Tonnes",2016,"2016-11-01"
462.4746180490974,1019.57154295104,160.2411605646026,"1,020 lb/MWh <br>↓ 22.8% from 2005","462 kg/MWh <br>↓ 22.8% from 2005","160 Million<br>Metric Tonnes",2016,"2016-12-01"
451.6428147815906,995.6917494674948,156.07180946138493,"996 lb/MWh <br>↓ 24.6% from 2005","452 kg/MWh <br>↓ 24.6% from 2005","156 Million<br>Metric Tonnes",2017,"2017-01-01"
417.8585817847902,921.2110294027484,122.19193857200865,"921 lb/MWh <br>↓ 30.3% from 2005","418 kg/MWh <br>↓ 30.3% from 2005","122 Million<br>Metric Tonnes",2017,"2017-02-01"
407.7084439960878,898.8340356337752,130.9942088932835,"899 lb/MWh <br>↓ 31.9% from 2005","408 kg/MWh <br>↓ 31.9% from 2005","131 Million<br>Metric Tonnes",2017,"2017-03-01"
403.14506514694017,888.7736106229441,119.9541702096826,"889 lb/MWh <br>↓ 32.7% from 2005","403 kg/MWh <br>↓ 32.7% from 2005","120 Million<br>Metric Tonnes",2017,"2017-04-01"
419.9401733727394,925.8001062175412,136.841179100748,"926 lb/MWh <br>↓ 29.9% from 2005","420 kg/MWh <br>↓ 29.9% from 2005","137 Million<br>Metric Tonnes",2017,"2017-05-01"
445.5701700551709,982.30399690363,160.8490742616726,"982 lb/MWh <br>↓ 25.6% from 2005","446 kg/MWh <br>↓ 25.6% from 2005","161 Million<br>Metric Tonnes",2017,"2017-06-01"
478.6610368400604,1055.2561218175972,194.80157495657866,"1,055 lb/MWh <br>↓ 20.1% from 2005","479 kg/MWh <br>↓ 20.1% from 2005","195 Million<br>Metric Tonnes",2017,"2017-07-01"
470.91703170117586,1038.1836880884123,182.3330618647594,"1,038 lb/MWh <br>↓ 21.4% from 2005","471 kg/MWh <br>↓ 21.4% from 2005","182 Million<br>Metric Tonnes",2017,"2017-08-01"
450.402715372892,992.9578263110776,152.28540236099465,"993 lb/MWh <br>↓ 24.8% from 2005","450 kg/MWh <br>↓ 24.8% from 2005","152 Million<br>Metric Tonnes",2017,"2017-09-01"
428.9392889744664,945.6395564731083,137.53080855616997,"946 lb/MWh <br>↓ 28.4% from 2005","429 kg/MWh <br>↓ 28.4% from 2005","138 Million<br>Metric Tonnes",2017,"2017-10-01"
426.8421894829865,941.0162909341922,132.1449743660841,"941 lb/MWh <br>↓ 28.8% from 2005","427 kg/MWh <br>↓ 28.8% from 2005","132 Million<br>Metric Tonnes",2017,"2017-11-01"
438.7529997041555,967.2748631477813,154.38034874527733,"967 lb/MWh <br>↓ 26.8% from 2005","439 kg/MWh <br>↓ 26.8% from 2005","154 Million<br>Metric Tonnes",2017,"2017-12-01"
454.37449134516123,1001.7140036195424,170.31697274510407,"1,002 lb/MWh <br>↓ 24.2% from 2005","454 kg/MWh <br>↓ 24.2% from 2005","170 Million<br>Metric Tonnes",2018,"2018-01-01"
399.77304463372076,881.3396541995007,123.3891076765222,"881 lb/MWh <br>↓ 33.3% from 2005","400 kg/MWh <br>↓ 33.3% from 2005","123 Million<br>Metric Tonnes",2018,"2018-02-01"
388.77172192256666,857.0861381504906,125.94858291016303,"857 lb/MWh <br>↓ 35.1% from 2005","389 kg/MWh <br>↓ 35.1% from 2005","126 Million<br>Metric Tonnes",2018,"2018-03-01"
382.70820613141404,843.7185112373152,116.14410090957527,"844 lb/MWh <br>↓ 36.1% from 2005","383 kg/MWh <br>↓ 36.1% from 2005","116 Million<br>Metric Tonnes",2018,"2018-04-01"
404.73282866493804,892.2739940747224,138.3970832806672,"892 lb/MWh <br>↓ 32.4% from 2005","405 kg/MWh <br>↓ 32.4% from 2005","138 Million<br>Metric Tonnes",2018,"2018-05-01"
428.9432683260277,945.6483293515608,160.8237302972367,"946 lb/MWh <br>↓ 28.4% from 2005","429 kg/MWh <br>↓ 28.4% from 2005","161 Million<br>Metric Tonnes",2018,"2018-06-01"
459.51072049779214,1013.0373344094323,190.42992133028753,"1,013 lb/MWh <br>↓ 23.3% from 2005","460 kg/MWh <br>↓ 23.3% from 2005","190 Million<br>Metric Tonnes",2018,"2018-07-01"
456.6568542408245,1006.7457008593218,187.69992899727217,"1,007 lb/MWh <br>↓ 23.8% from 2005","457 kg/MWh <br>↓ 23.8% from 2005","188 Million<br>Metric Tonnes",2018,"2018-08-01"
447.0227534102352,985.5063621682043,160.44509130627043,"986 lb/MWh <br>↓ 25.4% from 2005","447 kg/MWh <br>↓ 25.4% from 2005","160 Million<br>Metric Tonnes",2018,"2018-09-01"
430.3815817648543,948.819235158798,140.86042305558234,"949 lb/MWh <br>↓ 28.2% from 2005","430 kg/MWh <br>↓ 28.2% from 2005","141 Million<br>Metric Tonnes",2018,"2018-10-01"
426.0876994464917,939.3529421997356,138.15180638544064,"939 lb/MWh <br>↓ 28.9% from 2005","426 kg/MWh <br>↓ 28.9% from 2005","138 Million<br>Metric Tonnes",2018,"2018-11-01"
424.1955855794725,935.1815879685053,145.88097222253631,"935 lb/MWh <br>↓ 29.2% from 2005","424 kg/MWh <br>↓ 29.2% from 2005","146 Million<br>Metric Tonnes",2018,"2018-12-01"
419.77306802019575,925.4317057573236,151.70227784817212,"925 lb/MWh <br>↓ 29.9% from 2005","420 kg/MWh <br>↓ 29.9% from 2005","152 Million<br>Metric Tonnes",2019,"2019-01-01"
398.01979332289113,877.4744363596459,126.19845827516319,"877 lb/MWh <br>↓ 33.6% from 2005","398 kg/MWh <br>↓ 33.6% from 2005","126 Million<br>Metric Tonnes",2019,"2019-02-01"
386.2095686332238,851.4376150088052,127.27437599831673,"851 lb/MWh <br>↓ 35.5% from 2005","386 kg/MWh <br>↓ 35.5% from 2005","127 Million<br>Metric Tonnes",2019,"2019-03-01"
349.2350831961749,769.9236644142874,104.73001690216452,"770 lb/MWh <br>↓ 41.7% from 2005","349 kg/MWh <br>↓ 41.7% from 2005","105 Million<br>Metric Tonnes",2019,"2019-04-01"
372.33459968346773,820.8488584621729,124.34056585252613,"821 lb/MWh <br>↓ 37.9% from 2005","372 kg/MWh <br>↓ 37.9% from 2005","124 Million<br>Metric Tonnes",2019,"2019-05-01"
392.05191554855736,864.3176530183496,139.792283757903,"864 lb/MWh <br>↓ 34.6% from 2005","392 kg/MWh <br>↓ 34.6% from 2005","140 Million<br>Metric Tonnes",2019,"2019-06-01"
432.3288205681276,953.112117824494,178.87261523258076,"953 lb/MWh <br>↓ 27.8% from 2005","432 kg/MWh <br>↓ 27.8% from 2005","179 Million<br>Metric Tonnes",2019,"2019-07-01"
427.5114916873883,942.4918345740164,173.13628493072565,"942 lb/MWh <br>↓ 28.6% from 2005","428 kg/MWh <br>↓ 28.6% from 2005","173 Million<br>Metric Tonnes",2019,"2019-08-01"
419.8301844751429,925.5576246939003,152.68131733650526,"926 lb/MWh <br>↓ 29.9% from 2005","420 kg/MWh <br>↓ 29.9% from 2005","153 Million<br>Metric Tonnes",2019,"2019-09-01"
384.91971045440505,848.5939936677813,124.38164474243945,"849 lb/MWh <br>↓ 35.8% from 2005","385 kg/MWh <br>↓ 35.8% from 2005","124 Million<br>Metric Tonnes",2019,"2019-10-01"
393.7717333304668,868.1091633003474,125.23292661841616,"868 lb/MWh <br>↓ 34.3% from 2005","394 kg/MWh <br>↓ 34.3% from 2005","125 Million<br>Metric Tonnes",2019,"2019-11-01"
374.33305403219276,825.2546509193719,127.4250273061612,"825 lb/MWh <br>↓ 37.5% from 2005","374 kg/MWh <br>↓ 37.5% from 2005","127 Million<br>Metric Tonnes",2019,"2019-12-01"
356.6374732405283,786.2429735060688,122.28176837350092,"786 lb/MWh <br>↓ 40.5% from 2005","357 kg/MWh <br>↓ 40.5% from 2005","122 Million<br>Metric Tonnes",2020,"2020-01-01"
343.3907917456808,757.0393394825279,110.0714227530076,"757 lb/MWh <br>↓ 42.7% from 2005","343 kg/MWh <br>↓ 42.7% from 2005","110 Million<br>Metric Tonnes",2020,"2020-02-01"
335.6956829127113,740.0747025493636,104.34665411598593,"740 lb/MWh <br>↓ 44.0% from 2005","336 kg/MWh <br>↓ 44.0% from 2005","104 Million<br>Metric Tonnes",2020,"2020-03-01"
312.65816645415674,689.286193764834,87.48265795254382,"689 lb/MWh <br>↓ 47.8% from 2005","313 kg/MWh <br>↓ 47.8% from 2005","87 Million<br>Metric Tonnes",2020,"2020-04-01"
318.0148145778007,701.0954602182193,98.0404303799285,"701 lb/MWh <br>↓ 46.9% from 2005","318 kg/MWh <br>↓ 46.9% from 2005","98 Million<br>Metric Tonnes",2020,"2020-05-01"
362.941811042328,800.1415166239165,129.48522138887532,"800 lb/MWh <br>↓ 39.4% from 2005","363 kg/MWh <br>↓ 39.4% from 2005","129 Million<br>Metric Tonnes",2020,"2020-06-01"
412.10560800407137,908.5280234057758,172.43131191739135,"909 lb/MWh <br>↓ 31.2% from 2005","412 kg/MWh <br>↓ 31.2% from 2005","172 Million<br>Metric Tonnes",2020,"2020-07-01"
417.6479002011455,920.7465607834455,168.46417729177608,"921 lb/MWh <br>↓ 30.3% from 2005","418 kg/MWh <br>↓ 30.3% from 2005","168 Million<br>Metric Tonnes",2020,"2020-08-01"
388.9404113105508,857.4580307752403,131.35715070628282,"857 lb/MWh <br>↓ 35.1% from 2005","389 kg/MWh <br>↓ 35.1% from 2005","131 Million<br>Metric Tonnes",2020,"2020-09-01"
370.001639864654,815.7056152456163,117.29118717575298,"816 lb/MWh <br>↓ 38.2% from 2005","370 kg/MWh <br>↓ 38.2% from 2005","117 Million<br>Metric Tonnes",2020,"2020-10-01"
354.00982795171274,780.4500667023459,108.0251552092638,"780 lb/MWh <br>↓ 40.9% from 2005","354 kg/MWh <br>↓ 40.9% from 2005","108 Million<br>Metric Tonnes",2020,"2020-11-01"
380.72082112202276,839.3371222456116,132.2324461128069,"839 lb/MWh <br>↓ 36.5% from 2005","381 kg/MWh <br>↓ 36.5% from 2005","132 Million<br>Metric Tonnes",2020,"2020-12-01"
379.85588311117345,837.430279906893,134.20695613390586,"837 lb/MWh <br>↓ 36.6% from 2005","380 kg/MWh <br>↓ 36.6% from 2005","134 Million<br>Metric Tonnes",2021,"2021-01-01"
410.8535800014357,905.7678024711653,135.40424109765874,"906 lb/MWh <br>↓ 31.4% from 2005","411 kg/MWh <br>↓ 31.4% from 2005","135 Million<br>Metric Tonnes",2021,"2021-02-01"
343.1369158668639,756.4796447200882,107.93050124007968,"756 lb/MWh <br>↓ 42.7% from 2005","343 kg/MWh <br>↓ 42.7% from 2005","108 Million<br>Metric Tonnes",2021,"2021-03-01"
