year,state,final co2 (kg),generation (mwh),index,indexlb
2001,AK,4192038618,6743766,621.6168559,1371
2001,AL,75698858221,125345113,603.9234908,1331.409728
2001,AR,27909846277,47192036,591.4100904,1303.822685
2001,AZ,46674427798,89911272,519.116533,1144.444309
2001,CA,62414168565,198596072,314.2769539,692.8549726
2001,CO,41445879202,46876003,884.1598376,1949.218778
2001,CT,10742771016,30490645,352.3300677,776.7468672
2001,DE,5513266767,6807685,809.8592645,1785.415734
2001,FL,1.21132E+11,190945343,634.3804144,1398.555061
2001,GA,72809367540,118316788.1,615.3764714,1356.658969
2001,HI,8287969304,10633092,779.4505403,1718.376661
2001,IA,38137169742,40658512,937.9873455,2067.886902
2001,ID,720266523.1,9346942,77.05905558,169.8843939
2001,IL,89100349253,179249282,497.0750692,1095.851697
2001,IN,1.19046E+11,122569670,971.255453,2141.229772
2001,KS,35839126200,44748522,800.9007806,1765.665861
2001,KY,88571948880,95417625,928.2556433,2046.432391
2001,LA,48235854472,87894379.03,548.7933928,1209.869914
2001,MA,23704707333,38478431,616.051817,1358.147836
2001,MD,32131912817,49062342,654.9200773,1443.836803
2001,ME,6360752360,19564821,325.1117074,716.7412701
2001,MI,75251889187,111845612,672.8193252,1483.297484
2001,MN,34461495547,48523223,710.2062356,1565.720667
2001,MO,69794476516,79544872.01,877.4227018,1934.366088
2001,MS,31031129059,53446448,580.6022705,1279.995766
2001,MT,18275636007,24232487,754.1791318,1662.663314
2001,NC,68608355698,117495851,583.9215182,1287.313379
2001,ND,32088390050,30332072,1057.903003,2332.25296
2001,NE,21343834128,30485213,700.1372806,1543.522649
2001,NH,4402050945,15074624,292.0172964,643.7813316
2001,NJ,20046421550,59421260,337.3610985,743.7462778
2001,NM,31485380495,33611643,936.7402985,2065.137662
2001,NV,24039237037,33875966,709.6251377,1564.439579
2001,NY,57507073803,143914556,399.5917814,880.9400413
2001,OH,1.18101E+11,142261809,830.163811,1830.179138
2001,OK,45362514104,55249453,821.049108,1810.084864
2001,OR,9060264653,45051906,201.107244,443.3610301
2001,PA,1.11044E+11,196576590,564.8877889,1245.351619
2001,RI,3303948939,7501892,440.4154231,970.9398418
2001,SC,35151827849,89158990,394.2600499,869.1857061
2001,SD,3962514779,7400743,535.421211,1180.389602
2001,TN,57381169208,96221976,596.3416217,1314.694739
2001,TX,2.36952E+11,372580005,635.9769501,1402.074784
2001,UT,32759039321,35853750,913.6851604,2014.310305
2001,VA,42462961319,74104748,573.0126944,1263.263786
2001,VT,43446943.14,5480614,7.927386081,17.47671535
2001,WA,14459543338,83048670,174.1092704,383.8412974
2001,WI,46682293568,58763434,794.410578,1751.35756
2001,WV,74967061665,81836725,916.056473,2019.5381
2001,WY,45803376977,44776938,1022.923385,2255.136894
2002,AK,3829402379,6767322,565.8667312,1247.509796
2002,AL,79100234947,132920675,595.0935394,1311.943217
2002,AR,26501412523,47611641,556.6162385,1227.116159
2002,AZ,45529746918,94131663,483.6815314,1066.324304
2002,CA,48783198487,184210036,264.8237824,583.8305106
2002,CO,40718017255,45600388,892.9313771,1968.556514
2002,CT,9891405336,31311219,315.9061082,696.446606
2002,DE,5387710167,6002490,897.5791991,1978.803102
2002,FL,1.23444E+11,203352778,607.0440914,1338.289404
2002,GA,77426714128,126512215,612.0097899,1349.236783
2002,HI,9108375839,11663073,780.9584866,1721.70108
2002,IA,38126990945,42528386,896.5068871,1976.439083
2002,ID,419954694.5,9786932,42.90973867,94.59880986
2002,IL,92563604980,188054454,492.2170308,1085.141666
2002,IN,1.19716E+11,125608144,953.0947415,2101.192667
2002,KS,39220145234,47188445,831.1387509,1832.32849
2002,KY,87984438754,92106668,955.2450508,2105.933239
2002,LA,49964948545,94970963,526.107633,1159.856888
2002,MA,24577482519,42027824,584.7907453,1289.229677
2002,MD,33282526365,48279085,689.3777371,1519.802159
2002,ME,7390937992,22535036,327.9754242,723.0546203
2002,MI,72319633447,117889088,613.4548555,1352.422574
2002,MN,36593337330,52777964,693.3449977,1528.548382
2002,MO,70383275235,81162196,867.1928398,1911.813335
2002,MS,23109599082,42888811,538.8258276,1187.89542
2002,MT,16695843670,25473706,655.4147901,1444.927446
2002,NC,70815749907,124468027,568.9473161,1254.301253
2002,ND,32412359198,31306306,1035.330045,2282.488617
2002,NE,20728441504,31618489,655.5797623,1445.291144
2002,NH,4565436947,15953075,286.1791189,630.9104856
2002,NJ,20568645808,61569386,334.0726154,736.4964878
2002,NM,29443196073,30661706,960.2595522,2116.988209
2002,NV,21171582341,32088938,659.7782183,1454.54706
2002,NY,52792115565,139591686,378.1895404,833.7566607
2002,OH,1.24058E+11,147068847,843.5353804,1859.6581
2002,OK,47807570239,59183420,807.7865429,1780.846213
2002,OR,6863192243,47099368,145.7172895,321.2483365
2002,PA,1.18884E+11,204322877,581.8440655,1282.733427
2002,RI,3020137368,7056764,427.9776634,943.5195568
2002,SC,36074440572,96563499,373.5825746,823.600144
2002,SD,3453547442,7721958,447.2372735,985.9792933
2002,TN,55558821617,96114264,578.0497015,1274.368372
2002,TX,2.41861E+11,385628540,627.1856678,1382.693523
2002,UT,33779479953,36608004,922.7348192,2034.261182
2002,VA,42760451354,75005652,570.0963889,1256.834499
2002,VT,14893498.42,5456191,2.729651219,6.017789078
2002,WA,11814221158,102765048,114.9634179,253.4483511
2002,WI,46356952982,58431437.03,793.3563735,1749.033461
2002,WV,87188309649,94761752,920.0791227,2028.406434
2002,WY,44749136594,43783839,1022.046893,2253.204579
2003,AK,3474714020,6338738,548.1712638,1208.498368
2003,AL,79563605500,137487227,578.6981615,1275.797967
2003,AR,26906591128,50401103,533.8492518,1176.924061
2003,AZ,46812061039,94396220,495.9103345,1093.283924
2003,CA,46975715230,193320196.7,242.9943484,535.7053404
2003,CO,40382413630,46616789,866.2633033,1909.764079
2003,CT,9283449478,29545054.01,314.2133189,692.7146828
2003,DE,6328653390,7392285,856.1159899,1887.393311
2003,FL,1.27743E+11,212610013,600.8317527,1324.593682
2003,GA,76383891044,124076835,615.6176618,1357.190697
2003,HI,8177647749,10976374,745.022696,1642.477036
2003,IA,38591682817,42116192,916.3146283,2020.10723
2003,ID,634432898.4,10422935,60.86892976,134.1916425
2003,IL,92566999878,189055259,489.6293304,1079.436822
2003,IN,1.19862E+11,124888212,959.7553778,2115.876706
2003,KS,39090587246,46567561,839.4381498,1850.625345
2003,KY,86342031191,91718818,941.3774956,2075.360827
2003,LA,50874423478,94885040.02,536.169068,1182.038327
2003,MA,26928161578,48385023,556.5391914,1226.946301
2003,MD,33480709701,52244238,640.8498044,1412.817479
2003,ME,6023741259,18971634,317.5130439,699.9892566
2003,MI,71475528678,111347063,641.9166051,1415.169348
2003,MN,39107687612,55050992,710.3902435,1566.126331
2003,MO,76485260942,87225089,876.8722602,1933.152585
2003,MS,23396934736,40148278.01,582.7630946,1284.759518
2003,MT,18849006399,26268727,717.5454829,1581.900772
2003,NC,70074852330,127582322,549.2520534,1210.881077
2003,ND,31886263829,31322127,1018.010808,2244.306628
2003,NE,21656287286,30455986,711.068336,1567.621254
2003,NH,7465124831,21597110,345.6538783,762.02854
2003,NJ,19008623463,57399352,331.1644261,730.0850938
2003,NM,31498530639,32735654,962.2086866,2121.28527
2003,NV,23214868952,33194888,699.3507239,1541.788606
2003,NY,54206955249,137643321,393.8219076,868.2197776
2003,OH,1.28294E+11,146638125,874.899232,1928.802847
2003,OK,48354363797,60626858,797.5733098,1758.330119
2003,OR,8662909423,48966141,176.916319,390.0297169
2003,PA,1.19429E+11,206349515,578.7686657,1275.9534
2003,RI,2369129015,5621143,421.4674871,929.1672221
2003,SC,36023229491,93772674,384.1548711,846.9078288
2003,SD,3713502699,7943837,467.4696496,1030.583589
2003,TN,52453127481,92221794,568.7714932,1253.913634
2003,TX,2.41705E+11,379199690,637.4083924,1405.230542
2003,UT,34743369786,38023665,913.7301674,2014.409527
2003,VA,41944828827,75309419,556.9665705,1227.888501
2003,VT,25591257.06,6027961,4.245425122,9.359464224
2003,WA,14380762009,100094691,143.671576,316.7383565
2003,WI,46030254171,60122427.01,765.6087164,1687.860976
2003,WV,85527496888,94711549,903.0313387,1990.822889
2003,WY,45096815312,43626603,1033.699904,2278.894807
2004,AK,3492109158,6526716.92,535.048356,1179.567606
2004,AL,78351202097,137354770.9,570.4294187,1257.568696
2004,AR,27622029378,51927632.25,531.9331574,1172.699839
2004,AZ,52299918953,104564143,500.1706843,1102.676291
2004,CA,48079176080,195349285,246.1190276,542.5940083
2004,CO,40299627784,47869492.41,841.8645312,1855.974545
2004,CT,9745919681,32633407.72,298.6485434,658.4005787
2004,DE,6168614454,7855552.58,785.2553199,1731.173878
2004,FL,1.27153E+11,218117927.8,582.954755,1285.182053
2004,GA,78062971499,126812714.8,615.57685,1357.100723
2004,HI,8409039730,11410402.61,736.9625786,1624.707701
2004,IA,38269320061,43248188.99,884.8768227,1950.799443
2004,ID,683492543.3,10863038.7,62.91909309,138.7114326
2004,IL,97136443639,191957778.5,506.0302552,1115.594301
2004,IN,1.2394E+11,127770395.7,970.0174375,2138.500443
2004,KS,38332643471,46782658.78,819.3771895,1806.398952
2004,KY,88107322351,94529947.17,932.0572474,2054.813408
2004,LA,50732697298,98172308.65,516.7719696,1139.275484
2004,MA,25491056464,47500482.53,536.6483687,1183.094994
2004,MD,32145405066,52052769.81,617.5541702,1361.459924
2004,ME,5507580438,19098885.46,288.3718241,635.7445234
2004,MI,74738638242,118487269.4,630.7735728,1390.603419
2004,MN,37198792574,52364126.63,710.386957,1566.119085
2004,MO,77323013272,87632910.33,882.3513105,1945.231699
2004,MS,25236855763,43662613.17,577.9969161,1274.252001
2004,MT,19163234240,26788767.76,715.3458648,1577.051494
2004,NC,70057437834,126329956.7,554.5591848,1222.581179
2004,ND,30432789437,29936106.04,1016.59145,2241.17751
2004,NE,21226967175,32008708.81,663.1622444,1462.007484
2004,NH,8121112470,23875786.58,340.1401015,749.8728677
2004,NJ,18663575018,55882341.61,333.9798312,736.2919359
2004,NM,31784043748,32940360.61,964.8966544,2127.211164
2004,NV,25006199835,37667435.04,663.8678691,1463.563104
2004,NY,53721378635,137964793.8,389.3846914,858.4374906
2004,OH,1.23383E+11,148345905.3,831.7258632,1833.622838
2004,OK,45902975733,60729560.47,755.8588499,1666.366421
2004,OR,8614688658,51381278.05,167.6620159,369.6276803
2004,PA,1.20956E+11,214658500.8,563.4820304,1242.252484
2004,RI,2003790923,4939419.72,405.6733456,894.3474578
2004,SC,38865096853,97939929.06,396.8258628,874.8422972
2004,SD,3948050468,7510214.02,525.6908068,1158.937953
2004,TN,54290608638,97594541.89,556.2873454,1226.391082
2004,TX,2.37603E+11,390299132.3,608.7721683,1342.099122
2004,UT,35481930303,38211977.46,928.5551982,2047.09279
2004,VA,40070681075,78900039.95,507.8664231,1119.642316
2004,VT,21780463.02,5470378.81,3.981527382,8.777675266
2004,WA,14192395840,102165052.1,138.9163471,306.2549787
2004,WI,46542303951,60444933.4,769.9951234,1697.531249
2004,WV,81498370536,89749561.73,908.0642731,2001.918497
2004,WY,45515131757,44807604.48,1015.790339,2239.411382
2005,AK,3531410515,6576658.54,536.961208,1183.784679
2005,AL,81965946797,137948581,594.1775276,1309.923777
2005,AR,25708471974,47794508.88,537.8959336,1185.845375
2005,AZ,51447628251,101478654.3,506.9798036,1117.687675
2005,CA,43950210043,200827519.4,218.8455555,482.4669117
2005,CO,40466447327,49616694.33,815.5812852,1798.030501
2005,CT,11091035135,33549746.79,330.5847643,728.8071714
2005,DE,6621160116,8136568.11,813.7534187,1794.000787
2005,FL,1.2814E+11,220256411.8,581.7756571,1282.582614
2005,GA,85954014814,136667891.9,628.9261771,1386.53065
2005,HI,8435092921,11522805.38,732.0346602,1613.843612
2005,IA,37443476617,44156159.92,847.9785535,1869.453519
2005,ID,650800650.8,10824983.9,60.12024191,132.5410853
2005,IL,96656797983,194120145.9,497.9225497,1097.720053
2005,IN,1.26344E+11,130371572.5,969.1082088,2136.495957
2005,KS,38112502516,45862695.85,831.0131319,1832.051551
2005,KY,91252846530,97822419.14,932.8418509,2056.543144
2005,LA,49104038310,92616878.17,530.1845547,1168.844869
2005,MA,26195270366,47515443.29,551.3001364,1215.396281
2005,MD,33304112370,52661600.03,632.4174038,1394.227408
2005,ME,4984589830,18843977.54,264.518986,583.1585564
2005,MI,76995285752,121619771.2,633.0819815,1395.692536
2005,MN,37828095556,53018994.9,713.4819441,1572.942294
2005,MO,80460450677,90828230.46,885.8528925,1952.951287
2005,MS,25051574201,45067453.3,555.8684232,1225.467526
2005,MT,19452394019,27938777.75,696.2507162,1534.954329
2005,NC,73592031613,129748577.6,567.1895057,1250.425984
2005,ND,32839732217,31932615.43,1028.407219,2267.226554
2005,NE,21940344770,31464733.61,697.2995558,1537.266601
2005,NH,8122102297,24470013.18,331.9206343,731.7522305
2005,NJ,19164742465,60549582.98,316.5132033,697.7850079
2005,NM,33076782165,35135642,941.402527,2075.416011
2005,NV,26066752498,40213751.84,648.2049375,1429.032605
2005,NY,56601387480,146887418.6,385.3385675,849.5174059
2005,OH,1.32258E+11,156976322.8,842.5350351,1857.452738
2005,OK,50504042210,68607827.17,736.1265368,1622.864563
2005,OR,8517105409,49325002.52,172.6731875,380.6753092
2005,PA,1.25659E+11,218091125.1,576.1770737,1270.239977
2005,RI,2447314956,6053294.08,404.29474,891.3081837
2005,SC,39809728412,102514664.9,388.3320349,856.1168041
2005,SD,3355719368,6520768.99,514.6201887,1134.531668
2005,TN,55704433374,97117165.23,573.5796884,1264.513781
2005,TX,2.41105E+11,396668722.2,607.8247662,1340.01048
2005,UT,36282342800,38165130.9,950.6673223,2095.841179
2005,VA,40898424917,78943044.96,518.0750874,1142.148338
2005,VT,13700929.37,5716754.62,2.396627157,5.283604229
2005,WA,14233665270,101965850.3,139.5924736,307.7455673
2005,WI,50621698625,61824663.64,818.7945659,1805.1145
2005,WV,84371967935,93626285.32,901.1568455,1986.690382
2005,WY,44924872793,45567306.96,985.9014234,2173.518278
2006,AK,3738676302,6674196.81,560.1687226,1234.947966
2006,AL,84060926619,140895441.3,596.6192081,1315.306706
2006,AR,27925466928,52168702.97,535.2915702,1180.103796
2006,AZ,53385677222,104392712.3,511.3927596,1127.416478
2006,CA,48814725678,217291312.2,224.6510695,495.2657478
2006,CO,41494833154,50698352.87,818.4651139,1804.38819
2006,CT,10529116283,34681736.19,303.5925371,669.3001074
2006,DE,5736326171,7182179.36,798.6887939,1760.789315
2006,FL,1.2451E+11,223751621,556.4634071,1226.779227
2006,GA,86634593017,138010207.9,627.7404718,1383.916644
2006,HI,8435696821,11559173.73,729.7837214,1608.881192
2006,IA,37778223338,45483462.37,830.5925136,1831.124256
2006,ID,544493253.6,13386085.27,40.67606344,89.67444946
2006,IL,95382158767,192426958.1,495.6798139,1092.775718
2006,IN,1.26378E+11,130489787.7,968.492037,2135.137545
2006,KS,36085340398,45523736.29,792.6708864,1747.522236
2006,KY,94149286621,98792014.2,953.0050317,2100.994893
2006,LA,47160813031,90921829.39,518.6962619,1143.517779
2006,MA,23065554202,45597775.4,505.8482349,1115.193019
2006,MD,30282062912,48956879.7,618.5456078,1363.645647
2006,ME,3809096671,16816172.72,226.5138884,499.3725183
2006,MI,72915025171,112556738.5,647.8068407,1428.154961
2006,MN,36652433458,53237789.11,688.4664835,1517.79321
2006,MO,79695807550,91686342.91,869.2222311,1916.287331
2006,MS,25655464696,46228847.42,554.9665659,1223.479291
2006,MT,18974177101,28243536.37,671.8059967,1481.0635
2006,NC,70995073852,125214784.4,566.9863522,1249.978112
2006,ND,31222723158,30881136.84,1011.061326,2228.985799
2006,NE,21763251969,31669968.88,687.1889282,1514.976711
2006,NH,7001126064,22063694.6,317.3143116,699.5511314
2006,NJ,18157327935,60700138.64,299.1315727,659.4654652
2006,NM,33398604806,37265624.58,896.2309147,1975.830675
2006,NV,16621580713,31860021.8,521.7065078,1150.154167
2006,NY,47672311106,142265432.2,335.094129,738.7485169
2006,OH,1.28628E+11,155434075.2,827.539786,1824.394212
2006,OK,51203107024,70614880.24,725.1036446,1598.563495
2006,OR,6733539416,53340695.15,126.2364391,278.3008537
2006,PA,1.2493E+11,218811594.7,570.9487334,1258.713578
2006,RI,2376266665,5967724.54,398.1863857,877.8417059
2006,SC,39861967229,99267605.77,401.5606795,885.2806741
2006,SD,3585315566,7132242.98,502.6911697,1108.232953
2006,TN,57469459088,93911101.61,611.955968,1349.118127
2006,TX,2.3973E+11,400582877.7,598.4541398,1319.351997
2006,UT,36819077816,41263323.91,892.2954897,1967.154637
2006,VA,36417968217,73069536.72,498.4015207,1098.775992
2006,VT,10260061.56,7084343.67,1.448272704,3.192862002
2006,WA,9611253458,108203155.4,88.8259998,195.8257992
2006,WI,44903510162,61639843.48,728.4818979,1606.011192
2006,WV,84722537301,93815804.21,903.073187,1990.915148
2006,WY,44537079256,45400369.83,980.984944,2162.679408
2007,AK,3738342100,6821391.7,548.0321706,1208.191723
2007,AL,86475833926,143826270.9,601.2520064,1325.520173
2007,AR,29212300937,54596235.56,535.0607169,1179.594856
2007,AZ,55814564091,113342056.3,492.4435458,1085.641041
2007,CA,52909118375,211401365.9,250.2780346,551.762955
2007,CO,42915741270,53907492.2,796.0997538,1755.081517
2007,CT,9791130421,33171209.24,295.1695354,650.7307578
2007,DE,6881681128,8534163.28,806.3685803,1777.720172
2007,FL,1.25743E+11,225416060.3,557.8257672,1229.782686
2007,GA,92254495864,145155158.4,635.5578188,1401.150767
2007,HI,8254293468,11533349.64,715.6891732,1577.808351
2007,IA,41081055792,49789217.02,825.0994543,1819.014257
2007,ID,709322869.5,11484090.62,61.76569769,136.1686571
2007,IL,1.00566E+11,200260681.3,502.1754874,1107.096079
2007,IN,1.26062E+11,130637998.6,964.9683215,2127.369162
2007,KS,39587357778,50122195.79,789.8169095,1741.230359
2007,KY,93291008461,97225319.5,959.5340899,2115.388855
2007,LA,47810097035,92578328.77,516.4286034,1138.518499
2007,MA,25049667291,47075975.16,532.1114901,1173.092991
2007,MD,31365760611,50197923.92,624.8417895,1377.526209
2007,ME,3740015869,16128567.49,231.8876659,511.2195482
2007,MI,76430491605,119309936.3,640.60458,1412.276857
2007,MN,36487915500,54477646.47,669.7777504,1476.592029
2007,MO,77635504246,91153081.2,851.7046624,1877.668099
2007,MS,27568366765,50043685.98,550.8860154,1214.48331
2007,MT,20081530927,28931493.08,694.1062762,1530.226697
2007,NC,76690410918,130115300.7,589.4034793,1299.398911
2007,ND,31905608365,31224105.08,1021.826191,2252.718021
2007,NE,20920953504,32442698.83,644.8586048,1421.65528
2007,NH,6826910683,23277171.24,293.2878146,646.582316
2007,NJ,19242578668,62671245.01,307.0399936,676.9003699
2007,NM,31767164619,35985332.87,882.7809023,1946.178777
2007,NV,16779394695,32710947.98,512.9595971,1130.870728
2007,NY,50442914890,145878687.5,345.7867339,762.3214335
2007,OH,1.3018E+11,155155545.4,839.0286528,1849.722568
2007,OK,50581890873,72819095.12,694.6239965,1531.368063
2007,OR,9999369259,55077793.95,181.5499232,400.2449606
2007,PA,1.2711E+11,226088340.3,562.2132855,1239.455409
2007,RI,2856049215,7049844,405.1223282,893.1326848
2007,SC,41572649033,103402141.7,402.0482396,886.3555491
2007,SD,3069474742,6136604.5,500.1910652,1102.721222
2007,TN,57118864465,95113408.8,600.5343009,1323.93792
2007,TX,2.39059E+11,405492295.5,589.5527973,1299.728097
2007,UT,38750445959,45372574.75,854.0499668,1882.838557
2007,VA,40942996450,78360507.19,522.4952967,1151.893131
2007,VT,10068124.35,5823581.56,1.728854356,3.811432312
2007,WA,11984145491,106990216.6,112.0116014,246.9407764
2007,WI,45695730786,63390629.74,720.8593916,1589.206615
2007,WV,86035114939,93933109.13,915.9189527,2019.234923
2007,WY,45022271158,45633486.44,986.605992,2175.07157
2008,AK,3722406149,6774834.38,549.4460736,1211.308814
2008,AL,82002812218,145869895.2,562.1640578,1239.346882
2008,AR,29620935476,55050527.92,538.0681457,1186.225034
2008,AZ,58322132148,119459946.4,488.2149532,1076.318686
2008,CA,53400975094,208648868.9,255.9370457,564.2388109
2008,CO,41055204469,53441593.61,768.2256777,1693.630329
2008,CT,8909592306,30409472.69,292.9873989,645.9200196
2008,DE,6313751278,7523838.63,839.1662273,1850.025865
2008,FL,1.18028E+11,219636818.3,537.3762722,1184.69973
2008,GA,86418223904,136173395.4,634.6189994,1399.081046
2008,HI,8143167051,11376385.09,715.795658,1578.043108
2008,IA,42840599004,53086786.42,806.9917562,1779.094026
2008,ID,731625000.3,11970552.95,61.11873055,134.7423534
2008,IL,1.00557E+11,199475177.6,504.1055379,1111.351069
2008,IN,1.25367E+11,129510294,968.0084814,2134.071498
2008,KS,37326238667,46630321.42,800.4714,1764.719248
2008,KY,93945170467,97863340.31,959.9628438,2116.334085
2008,LA,49337093172,92453141.41,533.6443134,1176.472253
2008,MA,21611840238,42505478.51,508.4483458,1120.925223
2008,MD,28913582570,47360952.92,610.4941051,1345.895304
2008,ME,3837596024,17094919.46,224.4875171,494.9051801
2008,MI,74120854960,114989805.9,644.5863127,1421.054985
2008,MN,35157915769,54763359.92,641.9970546,1415.346707
2008,MO,76908237874,91028795.48,844.8781231,1862.61831
2008,MS,25711905833,48205711.05,533.3788315,1175.886972
2008,MT,20083753572,29637137.03,677.6549824,1493.958174
2008,NC,72888406512,125239062.9,581.9941863,1283.064383
2008,ND,32537588592,32734579.19,993.9821863,2191.333128
2008,NE,22466287973,32373522.26,693.9710728,1529.928627
2008,NH,6712877414,22876991.55,293.4335749,646.9036593
2008,NJ,18562455044,63674789.1,291.5196942,642.6843177
2008,NM,30709035207,37009836.95,829.7533234,1829.274177
2008,NV,18000745078,35212660.58,511.2009369,1126.993585
2008,NY,43790363894,140322100.2,312.0703284,687.990246
2008,OH,1.2742E+11,153412251.1,830.5757238,1831.087241
2008,OK,52543089350,76328908.58,688.3773177,1517.596635
2008,OR,10429358952,58718437.59,177.6164248,391.57317
2008,PA,1.21948E+11,222351099.4,548.4497103,1209.112231
2008,RI,2918589960,7387265.79,395.0839246,871.0020201
2008,SC,41695817285,100978004.8,412.9197973,910.3229852
2008,SD,4039570530,7082671.57,570.345595,1257.383899
2008,TN,54400764129,90663312.58,600.0306252,1322.827516
2008,TX,2.36198E+11,404787781,583.510669,1286.407621
2008,UT,39318251893,46578762.7,844.1240088,1860.95579
2008,VA,35722144166,72678531.41,491.5088882,1083.580495
2008,VT,7091638.17,6820215.98,1.039796715,2.292335837
2008,WA,12848870721,110828451.1,115.9347676,255.5897887
2008,WI,46059964480,63479555.04,725.5873872,1599.629954
2008,WV,83582759024,91123096.64,917.2510824,2022.171736
2008,WY,45501737522,46500448.36,978.5225547,2157.250824
2009,AK,3623770699,6702159.43,540.6870334,1191.998634
2009,AL,67992129139,143255555.7,474.6212377,1046.349981
2009,AR,29361455245,57457739.06,511.0095824,1126.571725
2009,AZ,53085860267,111971779.3,474.1003546,1045.201642
2009,CA,50071938014,205389492.1,243.7901643,537.4597962
2009,CO,38405119201,50565951.61,759.5055166,1674.405862
2009,CT,7514791747,31206222.07,240.8106861,530.8912385
2009,DE,3933209181,4841562.9,812.3841954,1790.982197
2009,FL,1.11809E+11,217952308.4,512.9981651,1130.955755
2009,GA,74545937647,128698376.5,579.2298213,1276.970064
2009,HI,7660541467,11010532.93,695.746656,1533.843078
2009,IA,39283033077,51860063.19,757.4813963,1669.943486
2009,ID,719033352.5,13100151.86,54.8874059,121.0047751
2009,IL,93853545576,193864357.3,484.1196539,1067.290189
2009,IN,1.10928E+11,116670279.9,950.7860371,2096.102897
2009,KS,36217980762,46677307.59,775.922662,1710.599101
2009,KY,86092205729,90630426.69,949.9260775,2094.20703
2009,LA,47256991670,90993676.17,519.3436913,1144.945102
2009,MA,18986744200,38966651.23,487.2562461,1074.20512
2009,MD,25213112343,43774832.05,575.9727945,1269.789623
2009,ME,3663842038,16349848.7,224.0902717,494.029413
2009,MI,70606342159,101202605.3,697.6731673,1538.090265
2009,MN,32069793474,52491848.87,610.9480646,1346.896103
2009,MO,74123375486,88354271.69,838.9336935,1849.513221
2009,MS,23245331940,48701484.19,477.3023313,1052.26072
2009,MT,17264147797,26712735.34,646.2890295,1424.808794
2009,NC,62766793436,118407402.6,530.0918021,1168.640387
2009,ND,32223299974,34196466.75,942.2991039,2077.392604
2009,NE,23769976880,34001892.23,699.0780607,1541.187493
2009,NH,5437732102,20164121.98,269.6736365,594.5224991
2009,NJ,14537739528,61811239.1,235.1957304,518.5125073
2009,NM,33494990774,39674338.68,844.2482443,1861.229679
2009,NV,18174068175,37825780.82,480.4677598,1059.239223
2009,NY,35330697211,133150549.7,265.3439832,584.9773453
2009,OH,1.11576E+11,136090225.3,819.8706008,1807.486726
2009,OK,51103588432,75066809.28,680.7747515,1500.836017
2009,OR,9109114237,56690856.47,160.6804837,354.2361943
2009,PA,1.14636E+11,219496143.6,522.2671732,1151.39021
2009,RI,3049158849,7696824.48,396.1580334,873.3700005
2009,SC,37201796768,100125486.5,371.5517205,819.122923
2009,SD,3511755625,8196531.02,428.4441328,944.5479352
2009,TN,39767974110,79716888.71,498.8651057,1099.798012
2009,TX,2.25407E+11,397167909.6,567.5346662,1251.186925
2009,UT,36454124310,43542945.61,837.1993167,1845.689614
2009,VA,30917955143,70082066.16,441.1678599,972.5986639
2009,VT,6578697.44,7282348.39,0.903375819,1.99158233
2009,WA,12670303071,104470132.6,121.2815831,267.377378
2009,WI,41180189814,59959060.45,686.8051218,1514.130571
2009,WV,65132016283,70782514.37,920.1709894,2028.608963
2009,WY,43356712051,46029212.47,941.9390366,2076.5988
2010,AK,3523228872,6759575.76,521.2204134,1149.082523
2010,AL,78678791059,152150512.1,517.1115758,1140.02418
2010,AR,32970249700,61000184.56,540.4942614,1191.573649
2010,AZ,55135963788,111753629.5,493.3706764,1087.684993
2010,CA,46311290681,204779274.6,226.1522353,498.5752179
2010,CO,39969069671,50720791.87,788.021405,1737.271989
2010,CT,8686816600,33349623.34,260.4772027,574.2480412
2010,DE,4166897055,5627645.01,740.4335291,1632.359758
2010,FL,1.20713E+11,229095934.8,526.9084805,1161.622436
2010,GA,79895968723,137576941.3,580.7366261,1280.291966
2010,HI,7599715344,10836036.04,701.3372156,1546.168025
2010,IA,43270948777,57508720.77,752.4241228,1658.794221
2010,ID,711748972.8,12024564.19,59.19124897,130.4930275
2010,IL,97732476189,201351871.7,485.3815133,1070.072084
2010,IN,1.16487E+11,125180738.9,930.5542237,2051.499842
2010,KS,36332094254,47923762.17,758.1227477,1671.357409
2010,KY,93068291397,98217658.24,947.5718834,2089.016974
2010,LA,52684037000,102884940.2,512.0675279,1128.904072
2010,MA,19646355559,42802546.92,458.9996851,1011.910706
2010,MD,25696142848,43607263.95,589.2629007,1299.088991
2010,ME,3918177786,17018659.64,230.2283416,507.5614019
2010,MI,71811440417,111551371.4,643.7521973,1419.216094
2010,MN,31398556960,53670227.03,585.0274668,1289.751553
2010,MO,78209627173,92312989.5,847.2223421,1867.786375
2010,MS,26606092448,54487260.06,488.2993276,1076.504698
2010,MT,20114939567,29785047.99,675.3368191,1488.847551
2010,NC,71195585706,128678483.3,553.2827548,1219.767161
2010,ND,30695307979,34739541.7,883.5841372,1947.949589
2010,NE,23927080268,36630006.25,653.2098331,1440.066398
2010,NH,5486397229,22195912.07,247.1805264,544.9341885
2010,NJ,17613207483,65682493.68,268.1568025,591.1784867
2010,NM,29361072084,36251542.25,809.926151,1785.563193
2010,NV,16942062426,35279247.77,480.2274282,1058.709388
2010,NY,38907090332,136961653.7,284.0728721,626.2670538
2010,OH,1.1856E+11,143598336.9,825.6351777,1820.195313
2010,OK,48595977807,72250733.19,672.6018638,1482.818069
2010,OR,9916568768,55126999.19,179.8858801,396.5764113
2010,PA,1.21302E+11,229752306.2,527.967281,1163.956668
2010,RI,3110802100,7738719.02,401.978944,886.20278
2010,SC,40473868409,104153132.8,388.5996257,856.7067347
2010,SD,3612351373,10049636.13,359.4509619,792.4455905
2010,TN,44211168280,82348624.86,536.8780396,1183.601326
2010,TX,2.33663E+11,411695046.3,567.5631138,1251.249641
2010,UT,35434945651,42249354.65,838.7097494,1849.019514
2010,VA,33749909563,72966456.06,462.5400682,1019.715834
2010,VT,8009940.47,6619989.99,1.209962626,2.667483604
2010,WA,13191337502,103472729,127.4861273,281.0559162
2010,WI,44272928466,64314067.16,688.3863892,1517.616634
2010,WV,73444932667,80788947.28,909.0962952,2004.193692
2010,WY,44294953458,48119253.81,920.5245292,2029.388377
2011,AK,3664129850,6871032.84,533.2720618,1175.651588
2011,AL,75993723657,156339209.9,486.0823059,1071.617052
2011,AR,34852497225,61307535.96,568.486348,1253.285003
2011,AZ,53025251674,108127273.7,490.3966396,1081.128432
2011,CA,39355301804,201451638.5,195.358559,430.6874792
2011,CO,39030421524,51432554.39,758.8660915,1672.996185
2011,CT,7947468580,33745220.66,235.5139017,519.2139476
2011,DE,3904683271,6590194.82,592.4989135,1306.223105
2011,FL,1.12027E+11,221923641.1,504.7993258,1112.880594
2011,GA,68781389947,124749341.2,551.356739,1215.521067
2011,HI,7374721425,10723332.94,687.7266113,1516.162087
2011,IA,39846374028,56371912.68,706.8480052,1558.317112
2011,ID,493098043.6,16568785.98,29.76066226,65.61035601
2011,IL,95508929068,199499728.1,478.7421515,1055.434947
2011,IN,1.11214E+11,122131414,910.6132378,2007.537944
2011,KS,35128989060,45359840.2,774.4513408,1707.355426
2011,KY,92580445092,98350982.18,941.3271026,2075.24973
2011,LA,56564513609,105490737,536.2036062,1182.11447
2011,MA,15938722998,38054820.54,418.8358471,923.3655086
2011,MD,22933823200,41818068.25,548.4190007,1209.044529
2011,ME,3372574074,15973688.14,211.1330862,465.4640017
2011,MI,66459895585,109169506.9,608.7770976,1342.109989
2011,MN,31116368334,53120061.54,585.7743277,1291.398083
2011,MO,80938370985,94876396.73,853.0928005,1880.728388
2011,MS,23123725802,51570942.71,448.3867191,988.5133609
2011,MT,16728153101,30128542.64,555.2260958,1224.051451
2011,NC,60798285318,118389854.9,513.5430341,1132.156973
2011,ND,29524920020,35079900.14,841.6477784,1855.496692
2011,NE,26499074854,36095051.02,734.1470397,1618.500564
2011,NH,5073483086,20065941.02,252.8405262,557.412224
2011,NJ,15383556387,64694096.02,237.7891853,524.2300379
2011,NM,31046027158,38181139.31,813.1246924,1792.614697
2011,NV,14674674624,32064180.97,457.6656624,1008.969719
2011,NY,34837346670,137463937.7,253.4289884,558.7095477
2011,OH,1.08736E+11,135585804.5,801.9725722,1768.028733
2011,OK,50431449969,74605713.62,675.9730257,1490.250132
2011,OR,6570170486,59695164.21,110.0620222,242.642734
2011,PA,1.15885E+11,227314722.5,509.8007972,1123.906838
2011,RI,3505938624,8722272.6,401.9524251,886.1443164
2011,SC,37672201445,102972567.2,365.8469674,806.5462243
2011,SD,2912318507,11998885.52,242.7157508,535.0911442
2011,TN,41443445864,81103862.23,510.9922601,1126.533537
2011,TX,2.48862E+11,435457419.9,571.4966665,1259.921551
2011,UT,33870675597,40836150.1,829.4287173,1828.55855
2011,VA,28097412355,66670859.12,421.4346826,929.0949013
2011,VT,23981653.36,6776218.85,3.539090736,7.802279438
2011,WA,7422425159,115262600.9,64.3957806,141.9669379
2011,WI,43364081562,63289343.84,685.1719252,1510.530026
2011,WV,71350413271,78999623.57,903.1740918,1991.137603
2011,WY,42836857440,47638470.86,899.2072303,1982.39226
2012,AK,3618532551,6934116.79,521.8447656,1150.45897
2012,AL,71049704849,152878687.7,464.7456484,1024.578256
2012,AR,36236279646,65005678.05,557.432531,1228.915758
2012,AZ,53149403109,110905010.7,479.2335603,1056.518307
2012,CA,50918017159,200096766.6,254.4669663,560.9978739
2012,CO,39727462012,52556701.14,755.8971768,1666.450916
2012,CT,8503960512,36117543.9,235.4523479,519.0782462
2012,DE,4372066775,8633694.04,506.3958434,1116.400276
2012,FL,1.1164E+11,221184474,504.7353647,1112.739585
2012,GA,59809219777,122304032,489.0208344,1078.095331
2012,HI,6986173233,10469268.69,667.3028881,1471.135947
2012,IA,36611727475,56675405.62,645.9896859,1424.148862
2012,ID,807208315.1,15499089.35,52.08101566,114.8178071
2012,IL,90093133936,197580938.7,455.9808984,1005.255489
2012,IN,1.01987E+11,114695560.3,889.1993078,1960.328794
2012,KS,31915644821,44424690.77,718.4213163,1583.831634
2012,KY,84613986682,89949688.8,940.6812609,2073.825908
2012,LA,51745492330,103407705.9,500.4026721,1103.187731
2012,MA,13698972496,35578421.55,385.0359825,848.8503269
2012,MD,19826351815,37809743.63,524.3714956,1156.029399
2012,ME,2746983631,15048296.3,182.5444938,402.4375911
2012,MI,64720700511,108158049.7,598.3900474,1319.210699
2012,MN,27502648001,52754433.21,521.3333994,1149.331612
2012,MO,71667485829,91804320.63,780.6548247,1721.031627
2012,MS,24329372699,54584295.03,445.7211124,982.6367643
2012,MT,16266136309,27804782.47,585.0121765,1289.717844
2012,NC,56187486109,116681763.3,481.544712,1061.613472
2012,ND,30262063652,36125158.94,837.7004985,1846.794519
2012,NE,25474886698,34217292.49,744.503286,1641.331944
2012,NH,4353563255,19222318.96,226.4848099,499.3084119
2012,NJ,15122557294,65263407.96,231.7157158,510.8404671
2012,NM,29879874627,36635909.49,815.5898145,1798.049305
2012,NV,14779601796,35302198.26,418.6595318,922.9768038
2012,NY,34702236773,135768243.6,255.5990697,563.4937091
2012,OH,93691128204,129745730.7,722.1133807,1591.971159
2012,OK,48036177763,77896552.73,616.6662847,1359.502491
2012,OR,7487389485,60923905.68,122.897398,270.9396037
2012,PA,1.0764E+11,223419715.5,481.7852809,1062.14383
2012,RI,3429581334,8309035.82,412.7532253,909.9557604
2012,SC,33878943428,96755681.91,350.1493944,771.939355
2012,SD,3139543002,11473397.04,273.6367434,603.2595646
2012,TN,38915343700,77712080.63,500.7631167,1103.982367
2012,TX,2.32024E+11,429815558.9,539.8224307,1190.092531
2012,UT,32266732645,39402960.86,818.8910666,1805.327245
2012,VA,25031583188,70739234.97,353.8571374,780.1134451
2012,VT,12858067.61,6608568.05,1.94566622,4.289415748
2012,WA,6413493569,116835473.5,54.89337593,121.0179366
2012,WI,39784493115,63750937.94,624.0612986,1375.805539
2012,WV,65619589370,73413404.73,893.8366176,1970.552207
2012,WY,46106724665,49588606.28,929.7846446,2049.803227
2013,AK,3460815360,6496821.71,532.6936022,1174.376316
2013,AL,69129585868,150572923.9,459.1103373,1012.15465
2013,AR,36550392797,60322492.18,605.9164911,1335.803496
2013,AZ,56937716637,113415234.2,502.0288241,1106.772746
2013,CA,49860023017,200685930.9,248.4480243,547.7285143
2013,CO,39502276304,52937435.98,746.2068302,1645.087578
2013,CT,8359027149,35610789.35,234.7329925,517.4923552
2013,DE,3873664978,7760861.04,499.1282485,1100.378137
2013,FL,1.09325E+11,222500805.1,491.3481038,1083.22603
2013,GA,57732239122,120953734.4,477.3084472,1052.274203
2013,HI,6789747090,10267052.28,661.3141635,1457.933205
2013,IA,34624991457,56670756.92,610.9851595,1346.977883
2013,ID,1385743771,15186128.31,91.25062972,201.1711383
2013,IL,92662147055,203004919.5,456.4527169,1006.29566
2013,IN,1.0246E+11,110403477.2,928.0498316,2045.978659
2013,KS,33049161021,48472581.39,681.8114504,1503.121523
2013,KY,83772859365,89741021.25,933.4957213,2057.984667
2013,LA,50510973469,102010177,495.1562181,1091.621398
2013,MA,14150868754,32886905.73,430.2888472,948.6147925
2013,MD,17944717091,35850812.34,500.5386467,1103.4875
2013,ME,2298435575,14030037.66,163.8224808,361.1630411
2013,MI,65164936387,105417800.7,618.1587548,1362.792791
2013,MN,28191762716,51296987.65,549.5793029,1211.602531
2013,MO,72615370343,91626592.99,792.5141378,1747.176668
2013,MS,22618574084,52810263.94,428.2988267,944.2275934
2013,MT,17029730903,27687326.35,615.0731453,1355.990256
2013,NC,53950227551,125936293.4,428.393008,944.4352255
2013,ND,29719299513,35021672.79,848.5973726,1870.817768
2013,NE,27130391851,37104627.86,731.1862001,1611.973097
2013,NH,3442891589,19778520.47,174.0722515,383.7596856
2013,NJ,15023835262,64750941.75,232.0249692,511.522247
2013,NM,30428863662,35870965.16,848.2867279,1870.13292
2013,NV,15741692347,36543291.16,430.7683256,949.6718507
2013,NY,33099226415,136116830,243.1677729,536.0876721
2013,OH,98722900399,137284188.7,719.113405,1585.357413
2013,OK,45102554446,73673680.32,612.1935846,1349.641977
2013,OR,9790695272,59895514.73,163.4629123,360.3703365
2013,PA,1.06553E+11,226769946.4,469.8740422,1035.884313
2013,RI,2550589665,6216218.62,410.3120918,904.5740377
2013,SC,28347328562,95249894.02,297.6100798,656.111182
2013,SD,3264471085,10108886.52,322.9308271,711.9333014
2013,TN,35390918802,79651619.45,444.3213967,979.5509511
2013,TX,2.38979E+11,433380165.8,551.4294365,1215.681336
2013,UT,35830989083,42516750.86,842.7499364,1857.92651
2013,VA,30454062087,76896565.08,396.0393036,873.1082488
2013,VT,15021102.07,6884910.09,2.181742662,4.809869873
2013,WA,12169089980,114172916.3,106.5847346,234.9767058
2013,WI,45971982705,65962791.84,696.9380983,1536.469732
2013,WV,66971863954,75863066.69,882.7993235,1946.219389
2013,WY,48868321391,52483065.48,931.1255153,2052.759311
2014,AK,2949630289,6042829.65,488.1207084,1076.110914
2014,AL,69905953925,149343028.1,468.0898385,1031.950858
2014,AR,35861580131,61596990.18,582.1969552,1283.511407
2014,AZ,56214442021,113962069.1,493.2732662,1087.470243
2014,CA,50461869855,205077115.5,246.0629005,542.4702704
2014,CO,38650506815,54200683.42,713.0999902,1572.100238
2014,CT,8242551603,33803155.06,243.8397123,537.5690296
2014,DE,3582347077,7775037.11,460.7498365,1015.76909
2014,FL,1.14047E+11,230259387.3,495.2998503,1091.93805
2014,GA,62667528612,125919338.7,497.6799374,1097.18519
2014,HI,6718441436,10755275.69,624.6647347,1377.135874
2014,IA,35243329351,56877679.6,619.6337403,1366.044544
2014,ID,1038929885,15188742.16,68.40131157,150.7975315
2014,IL,91290947236,202164892.6,451.5667685,995.5240978
2014,IN,1.06195E+11,115404689.1,920.1937733,2028.659193
2014,KS,31761488941,49731356.34,638.6612246,1407.992536
2014,KY,84616437162,90909061.04,930.7811146,2052.000045
2014,LA,49745418131,104332952,476.7948878,1051.14201
2014,MA,12396967860,31745439.81,390.5117691,860.9222461
2014,MD,20056387466,38086434.17,526.6018703,1160.946483
2014,ME,2130471362,13262039.47,160.6443238,354.1564762
2014,MI,62942961876,106851691.6,589.0684645,1298.660337
2014,MN,31071573868,57017163.88,544.9512349,1201.399493
2014,MO,69646726503,87947506.94,791.9124592,1745.850208
2014,MS,24293272124,55129333.97,440.6596339,971.4782289
2014,MT,17876053969,30269019.11,590.5726216,1301.976402
2014,NC,55965011192,128217412,436.4852661,962.2754177
2014,ND,29940599469,36462834.98,821.1264836,1810.255446
2014,NE,25338796392,39432341.41,642.5891917,1416.652132
2014,NH,3353192065,19552700.77,171.4950842,378.0780626
2014,NJ,17195842427,69371096.6,247.8819461,546.4805383
2014,NM,26200739318,32425895.21,808.0189968,1781.35868
2014,NV,16105784447,36220288.82,444.6619553,980.3017466
2014,NY,33340263074,137472361.4,242.5233897,534.6670648
2014,OH,96841012206,134559118.5,719.6911908,1586.631199
2014,OK,43119912199,70157739.13,614.6137651,1354.977507
2014,OR,8653221491,60199625.46,143.7421151,316.8938669
2014,PA,99519921238,221310099.2,449.6854035,991.3764405
2014,RI,2546211127,6287414.51,404.9695027,892.7957657
2014,SC,32458393523,97162448.28,334.0631499,736.4756202
2014,SD,3084605525,10995654.53,280.5295053,618.4553473
2014,TN,37851124296,79566534.32,475.7166392,1048.764903
2014,TX,2.36756E+11,437793351,540.7941742,1192.234836
2014,UT,35283828310,43821818.92,805.165764,1775.068443
2014,VA,30375410443,77159273.66,393.6715446,867.8882872
2014,VT,14094981.67,7064382.11,1.995217905,4.398657393
2014,WA,11857294161,116370165.3,101.8929047,224.6330976
2014,WI,42072054281,61088194.6,688.7100618,1518.330202
2014,WV,71758398613,81058603.56,885.2656654,1951.656686
2014,WY,45063327771,49698557.94,906.7331053,1998.983804
2015,AK,3044184807,6284937.29,484.3620018,1067.824469
2015,AL,67035524888,152480638.7,439.633028,969.2149734
2015,AR,27120366312,55564839.9,488.0850257,1076.032248
2015,AZ,54174121497,115230968.7,470.1350869,1036.459813
2015,CA,49065966285,205010951.5,239.3333913,527.6343945
2015,CO,38253152512,52783377.05,724.7196873,1597.717023
2015,CT,8949346712,37669392.76,237.5760812,523.7602285
2015,DE,3184130367,7889341.38,403.5990095,889.7743763
2015,FL,1.12995E+11,237674769.7,475.4167992,1048.103876
2015,GA,59027858486,128817897.6,458.227153,1010.207582
2015,HI,6530114408,10751954.7,607.3420685,1338.946324
2015,IA,30915030153,56699951.3,545.2390953,1202.03411
2015,ID,1563051776,15673312.69,99.7269567,219.8580487
2015,IL,80498571013,193978845.6,414.9863391,914.8788832
2015,IN,91249544183,104031316.3,877.1353415,1933.732574
2015,KS,27800556792,45531673.78,610.5762096,1346.076312
2015,KY,76180535365,83541576.3,911.887694,2010.34761
2015,LA,49082131287,107965741.2,454.6083854,1002.229646
2015,MA,12932979488,32948148.69,392.5252253,865.3611117
2015,MD,17426146247,36704144.45,474.7732581,1046.685125
2015,ME,1858000380,11760276.13,157.9895199,348.3036956
2015,MI,64870874645,113045679.3,573.8465639,1265.102135
2015,MN,28864831407,57005355.77,506.3529736,1116.305766
2015,MO,63689546749,83785250,760.1522553,1675.831662
2015,MS,25632120805,64759545.65,395.8045188,872.5906422
2015,MT,18234419497,29310616.23,622.1097282,1371.503107
2015,NC,53954758354,128474857.9,419.9635574,925.8516587
2015,ND,30717748096,37156890.76,826.7039429,1822.551512
2015,NE,24265992275,39879285.24,608.4861383,1341.468541
2015,NH,3584761926,20039629.83,178.8836399,394.3668725
2015,NJ,18364719931,76043409.27,241.5031113,532.4177591
2015,NM,26296370995,32843821.63,800.6489406,1765.110655
2015,NV,14561297188,39342206.95,370.1189719,815.9642854
2015,NY,32304043655,139216237.1,232.0422124,511.5602614
2015,OH,81804797680,121988463.5,670.594541,1478.392725
2015,OK,40955621911,76138707.66,537.9080256,1185.872033
2015,OR,9371162801,57958191.73,161.6883226,356.458076
2015,PA,89658007195,214833642.7,417.3369034,920.0609372
2015,RI,2885277415,6945756.63,415.4014557,915.7940492
2015,SC,29534007189,96539397.25,305.9269897,674.4466415
2015,SD,1961592146,9633562.66,203.620635,448.9020519
2015,TN,33680570965,75274319.48,447.4377344,986.4212292
2015,TX,2.24985E+11,450049818.9,499.9106934,1102.103115
2015,UT,33170294034,42016225.93,789.4639107,1740.452137
2015,VA,31697435030,84441282.94,375.3784159,827.5592558
2015,VT,4732676.781,2036377.23,2.324066834,5.123637742
2015,WA,11197892997,109342926.5,102.4107672,225.7747774
2015,WI,44270245181,66387592.58,666.8451658,1470.126853
2015,WV,64273464556,72294769.16,889.047234,1959.993532
2015,WY,45674804732,48968928.92,932.7303198,2056.297263
2016,AK,2776759032,6336231.49,438.2350986,966.1330983
2016,AL,59051086812,142392728.9,414.7057738,914.260349
2016,AR,30576026072,60452118.81,505.7891547,1115.06277
2016,AZ,48380473807,111010540.4,435.8187398,960.8059938
2016,CA,40121620822,207613934.8,193.2510978,426.0413702
2016,CO,36245482877,54879491.95,660.455875,1456.041022
2016,CT,8330237119,36816513.54,226.2636061,498.8207461
2016,DE,3519829144,8798687.49,400.0402501,881.9287354
2016,FL,1.10437E+11,238542339.2,462.9659523,1020.654739
2016,GA,60381522451,133407226.6,452.610582,997.825289
2016,HI,7043060532,10708785.4,657.6899498,1449.943263
2016,IA,24856352869,54451940.44,456.4824076,1006.361116
2016,ID,1337031012,15670842.17,85.31966552,188.0957346
2016,IL,69374192722,187326081.9,370.3392075,816.4498169
2016,IN,84978575497,101776162.5,834.9555869,1840.743087
2016,KS,25808453650,47608434.43,542.0983479,1195.110018
2016,KY,71448634360,80293860.91,889.8393171,1961.739758
2016,LA,43553895333,107459367.9,405.3057095,893.5369672
2016,MA,11889688595,33208522.09,358.0312476,789.3156885
2016,MD,17230594408,37685922.11,457.2156775,1007.977683
2016,ME,1730226748,11543761.3,149.8841411,330.4345775
2016,MI,57388603966,112174387.5,511.6016699,1127.877041
2016,MN,27830283230,59515659.95,467.6127804,1030.899136
2016,MO,60181952999,78778621.19,763.9376279,1684.176894
2016,MS,26822507975,62887657.87,426.5146594,940.2942181
2016,MT,16226254061,27794475.32,583.7942208,1287.032739
2016,NC,52971373652,130946600.3,404.5265286,891.8191849
2016,ND,28929437051,37856741.3,764.1819147,1684.715449
2016,NE,21781015899,36527556.28,596.2899826,1314.580896
2016,NH,2428798547,19333999.01,125.6231857,276.9488751
2016,NJ,19922180781,78996587.53,252.1903971,555.9789495
2016,NM,23490139618,33068893.04,710.3394598,1566.014373
2016,NV,13920454832,40403378.46,344.5369017,759.5660534
2016,NY,29887152843,135290536.3,220.9108904,487.020149
2016,OH,79037983158,119029994.1,664.0173658,1463.892685
2016,OK,37177576958,78658964.01,472.6425961,1041.987867
2016,OR,8349902194,60333330.33,138.3961758,305.1082093
2016,PA,83808506541,215353024,389.1680042,857.959782
2016,RI,2591419502,6594481.85,392.9678724,866.3369716
2016,SC,27444811934,97021720.12,282.872865,623.6215181
2016,SD,2513956560,11524903.42,218.132549,480.8950176
2016,TN,36149887547,79426387.5,455.1369977,1003.395025
2016,TX,2.15605E+11,454438991.7,474.4411383,1045.952933
2016,UT,27692670919,38283541.25,723.3570881,1594.713036
2016,VA,33855911373,92596006.79,365.6303608,806.0686935
2016,VT,6263381.879,1986880.82,3.152369189,6.949713114
2016,WA,9562590003,114175913.2,83.75312917,184.6421486
2016,WI,41069421110,65001234.99,631.8252433,1392.921931
2016,WV,68049208642,75948628.76,895.9899573,1975.29946
2016,WY,42734861829,46660041.39,915.8770665,2019.142581
2017,AK,2821424462,6499283.6,434.1131477,957.0458455
2017,AL,54780029110,139964250.2,391.3858649,862.8492778
2017,AR,32140581807,60785194.92,528.756745,1165.69712
2017,AZ,46704704512,108468203.2,430.5842922,949.2661305
2017,CA,36514479588,219115424,166.6449533,367.3854639
2017,CO,35622027891,54374642.57,655.1220607,1444.282095
2017,CT,7552412472,34969895.49,215.9689746,476.1252015
2017,DE,2854921278,7588327.58,376.2253604,829.4264295
2017,FL,1.07682E+11,238727300.2,451.0689592,994.4266275
2017,GA,54415997333,127588295.8,426.49678,940.2548011
2017,HI,6947723012,10783145.97,644.3131745,1420.452825
2017,IA,26226543074,57998911.88,452.1902605,996.8986484
2017,ID,1205135395,17412264.87,69.21186897,152.5844863
2017,IL,66479146135,183649744.6,361.9887753,798.0404539
2017,IN,81964555865,98964832.81,828.2190101,1825.89163
2017,KS,21989109512,50950001.57,431.5821165,951.465934
2017,KY,62046477846,73203828.97,847.585143,1868.586206
2017,LA,40143512626,97916676.78,409.9762568,903.8336558
2017,MA,11396540608,33718005.16,337.9956956,745.1453105
2017,MD,12325403284,34839164.7,353.7801032,779.9436156
2017,ME,1281106433,11305185.17,113.3202521,249.8258278
2017,MI,56887300543,112378877,506.2099041,1115.990355
2017,MN,26779021529,58807441.52,455.3679065,1003.904087
2017,MO,65774399133,84811678.11,775.5346976,1709.743794
2017,MS,24725961792,59738164.52,413.9056161,912.4963213
2017,MT,15272810453,28236143.6,540.8957636,1192.4588
2017,NC,48575994203,128653773.6,377.5714684,832.3940592
2017,ND,28583606916,41505392.19,688.6721317,1518.246582
2017,NE,21711735894,35412444.22,613.110345,1351.663067
2017,NH,1912157990,17533930.15,109.0547284,240.4220542
2017,NJ,16944325272,77305009,219.1879348,483.2217211
2017,NM,23624705530,33801715,698.9203219,1540.839742
2017,NV,12978133135,38773354.21,334.7178339,737.9189366
2017,NY,24191759691,129246678.2,187.1750982,412.6462216
2017,OH,78271329119,119683179.7,653.987714,1441.781314
2017,OK,32105221431,73737492.75,435.3988756,959.8803611
2017,OR,8188931586,62892498.68,130.2052193,287.0504266
2017,PA,79073554046,213996704.1,369.5082799,814.617954
2017,RI,3006602438,7669983.23,391.9959599,864.1942931
2017,SC,24579324214,93218757.52,263.6735875,581.2947909
2017,SD,2505243416,10936553.15,229.070657,505.0091705
2017,TN,32141017717,79133165.41,406.1636806,895.4284501
2017,TX,2.20011E+11,453270800.9,485.3855297,1070.080939
2017,UT,27338775065,37701249.26,725.1424184,1598.648976
2017,VA,29237182993,90483073.06,323.1232318,712.3574769
2017,VT,10731613.02,2252693.83,4.763902169,10.50249872
2017,WA,10420286326,116027949.5,89.80841575,197.9916334
2017,WI,43385023870,65162639.09,665.795991,1467.813842
2017,WV,65511136037,73364979.27,892.9483343,1968.593898
2017,WY,43075115413,46741845.98,921.5535782,2031.657018
2018,AK,2688010381,6250086.46,430.0757115,948.1449135
2018,AL,56167377828,145057993.6,387.2063609,853.6351433
2018,AR,37350098372,68021117.88,549.095627,1210.536219
2018,AZ,51531436195,114966367.7,448.2305323,988.1690314
2018,CA,36590219052,210642164.9,173.7079519,382.9565507
2018,CO,34230108593,55976438.36,611.5092277,1348.133243
2018,CT,9173977238,39953320.81,229.6173898,506.2144975
2018,DE,2419945221,6350359.04,381.0721891,840.111748
2018,FL,1.04121E+11,244732859.6,425.4492318,937.9453765
2018,GA,54294314241,129487843.6,419.3004744,924.3898258
2018,HI,7020474997,10825472.24,648.5144335,1429.71492
2018,IA,30700168106,63506745.63,483.4158608,1065.738607
2018,ID,1320020483,18205353.06,72.5072718,159.8495314
2018,IL,69413635280,188098751.1,369.0276244,813.5583009
2018,IN,90268429784,113557944.8,794.9107388,1752.460215
2018,KS,23178418183,51737267.21,448.0023672,987.6660187
2018,KY,65406156228,78836201.16,829.6462192,1829.038055
2018,LA,40552479092,102357123.1,396.1861947,873.4320848
2018,MA,8941064659,29256191.51,305.6127335,673.7538322
2018,MD,16747469654,44658472.87,375.0121439,826.7517725
2018,ME,1295333741,11336178.56,114.2654674,251.9096494
2018,MI,59786187980,115916296.7,515.7703417,1137.067295
2018,MN,27964625593,61598170.05,453.9846812,1000.854628
2018,MO,62549921441,81668261.54,765.902448,1688.508537
2018,MS,26495194014,63484699.49,417.347711,920.0847636
2018,MT,14892662849,28214746.56,527.8325934,1163.659735
2018,NC,48573554123,134461634.3,361.2447103,796.4000884
2018,ND,29590692701,42615681.85,694.3615922,1530.789566
2018,NE,23730884739,36976850.76,641.7767942,1414.86112
2018,NH,2099894205,17164246.46,122.3411823,269.7133705
2018,NJ,17175555081,76945835.1,223.2161761,492.1023819
2018,NM,19628537086,32924114.32,596.1750982,1314.327621
2018,NV,13607988982,40442502.17,336.4774248,741.7981307
2018,NY,26620046436,134017223,198.6315329,437.9030774
2018,OH,75481432666,126337574.7,597.4583006,1317.15657
2018,OK,34615865006,86234853.76,401.4138541,884.9569828
2018,OR,9049696969,64317337.91,140.7038485,310.1957044
2018,PA,76607620256,215802233.1,354.989933,782.6108063
2018,RI,3301024104,8470578.15,389.7046985,859.1429782
2018,SC,28245646176,99613010.14,283.5537862,625.122677
2018,SD,3010316563,12617339.69,238.5856794,525.9859889
2018,TN,26957659128,81645409.94,330.1797265,727.9142251
2018,TX,2.11558E+11,478068088.5,442.526967,975.5949516
2018,UT,28131792253,39769815.71,707.3654165,1559.457797
2018,VA,31075360970,95589277.95,325.092538,716.6990092
2018,VT,5344272.687,2309276.54,2.314262755,5.102023669
2018,WA,10351478612,116906292.8,88.54509334,195.2065128
2018,WI,41509944974,66011614.88,628.8278972,1386.313982
2018,WV,59273652636,67258567.82,881.2803269,1942.870609
2018,WY,42705501126,46118459.67,925.9958254,2041.450397
2019,AK,3110097846,6271698.08,495.8940635,1093.248052
2019,AL,48141219498,141674772.5,339.8009303,749.125131
2019,AR,31182311950,61640636.39,505.8726479,1115.24684
2019,AZ,43489365479,116611992.8,372.9407621,822.1852042
2019,CA,34542479178,222451349.2,155.2810505,342.3326039
2019,CO,33592622119,56814256.28,591.2709999,1303.516046
2019,CT,9191927325,40650404.32,226.1214243,498.5072921
2019,DE,2042334512,5238884.62,389.8414759,859.4445177
2019,FL,97361430933,245851945,396.016517,873.0580133
2019,GA,48245014029,127853293.8,377.3466652,831.898458
2019,HI,7119997252,10939389.32,650.8587494,1434.883199
2019,IA,24102909797,63290516.01,380.8297248,839.5772114
2019,ID,1631406926,16432500.23,99.27928817,218.8711187
2019,IL,57626959452,181668597.3,317.2092498,699.3195121
2019,IN,76093912076,102991483.2,738.8369378,1628.839913
2019,KS,20736199302,51889891.51,399.6192456,881.0005889
2019,KY,57903357771,71166170.87,813.6359883,1793.7419
2019,LA,40241782590,101666682,395.8207527,872.6264314
2019,MA,7910219634,24329704.02,325.1260117,716.7728054
2019,MD,12576192205,40644607.07,309.4184718,682.1439629
2019,ME,966660590.1,10168238.39,95.06667261,209.5839864
2019,MI,54788977216,116766985.3,469.216338,1034.434339
2019,MN,22807217091,57889850.13,393.976095,868.5596989
2019,MO,56621484785,76755892.26,737.682582,1626.29502
2019,MS,24905673325,66839143.5,372.6210723,821.4804161
2019,MT,15924547307,27256591.5,584.245734,1288.028145
2019,NC,46035999843,132013984.6,348.7206298,768.7895005
2019,ND,27096264804,40185946.66,674.2721537,1486.50039
2019,NE,22689601588,37104777.6,611.5008108,1348.114688
2019,NH,1918235528,18080335.78,106.0951274,233.8973179
2019,NJ,17769073748,73389814.16,242.1190727,533.7757076
2019,NM,20124551202,35316751.16,569.8301951,1256.247648
2019,NV,13623918077,40623095.37,335.3737068,739.3648741
2019,NY,23319836527,134536167.6,173.3350737,382.1345035
2019,OH,66913306527,119719313.6,558.9182275,1232.191124
2019,OK,27530376909,83498738.3,329.7100947,726.8788747
2019,OR,10780728280,62506275.83,172.4743338,380.2369162
2019,PA,76645788026,231701049.8,330.7960326,729.2729335
2019,RI,3156465455,7923388.95,398.3731551,878.2534578
2019,SC,24165361852,100807500.2,239.7178959,528.4820734
2019,SD,3151385508,12550431.77,251.0977762,553.5701575
2019,TN,24398062275,81795475.3,298.2813192,657.5909963
2019,TX,1.94224E+11,483284624.9,401.8827334,885.990674
2019,UT,28141576699,39539194.61,711.7387437,1569.099234
2019,VA,27859175496,97548795.97,285.5922025,629.6165697
2019,VT,1154811.365,2324573.47,0.496784197,1.095210441
2019,WA,13218232591,105900607.7,124.8173441,275.1723169
2019,WI,33457140997,62822023.66,532.5702524,1174.104378
2019,WV,56284276470,63986036.91,879.6337324,1939.240526
2019,WY,36352783335,41267322.86,880.9096596,1942.053436
